run_id,project,config,workflow,stage,energy_joules,duration_seconds,timestamp,python_version
32661090649,retrofit,C4,P03 Retrofit C4 Combined,test-execution,308.074,58.62,,
32661088223,retrofit,C2,P03 Retrofit C2 Tests,checkout,4.37465,1.18,,
32661088223,retrofit,C2,P03 Retrofit C2 Tests,test-execution,381.465,81.56,,
32660829025,gson,C3,P05 Gson C3 Consolidated,test-execution,274.206,47.5,,
32660827760,retrofit,C4,P03 Retrofit C4 Combined,checkout,4.83031,1.37,,
32660827760,retrofit,C4,P03 Retrofit C4 Combined,test-execution,311.891,59.11,,
32660825824,retrofit,C2,P03 Retrofit C2 Tests,checkout,3.25422,1.22,,
32660825824,retrofit,C2,P03 Retrofit C2 Tests,test-execution,340.732,67.01,,
32660823221,httpie,C1,P01 HTTPie C1 Tests,checkout,6.00187,1.63,,3.10
32660823221,httpie,C1,P01 HTTPie C1 Tests,dependency-installation,115.137,28.64,,3.10
32660823221,httpie,C1,P01 HTTPie C1 Tests,test-execution,366.519,102.42,,3.10
32660823221,httpie,C1,P01 HTTPie C1 Tests,dependency-installation,97.9861,24.09,,3.12
32660823221,httpie,C1,P01 HTTPie C1 Tests,test-execution,343.946,96.86,,3.12
32660823221,httpie,C1,P01 HTTPie C1 Tests,dependency-installation,91.0747,22.15,,3.11
32660823221,httpie,C1,P01 HTTPie C1 Tests,test-execution,325.111,91.91,,3.11
32660571251,gson,C3,P05 Gson C3 Consolidated,checkout,5.11853,1.14,,
32660571251,gson,C3,P05 Gson C3 Consolidated,test-execution,302.355,54.26,,
32660569862,retrofit,C4,P03 Retrofit C4 Combined,checkout,3.72673,1.14,,
32660569862,retrofit,C4,P03 Retrofit C4 Combined,test-execution,335.643,66.91,,
32660567954,retrofit,C2,P03 Retrofit C2 Tests,checkout,4.58935,1.24,,
32660567954,retrofit,C2,P03 Retrofit C2 Tests,test-execution,282.668,60.43,,
32660565347,httpie,C1,P01 HTTPie C1 Tests,checkout,3.44544,1.16,,3.12
32660565347,httpie,C1,P01 HTTPie C1 Tests,dependency-installation,93.0274,22.95,,3.12
32660565347,httpie,C1,P01 HTTPie C1 Tests,test-execution,349.425,98.17,,3.12
32660565347,httpie,C1,P01 HTTPie C1 Tests,checkout,4.7122,1.06,,3.10
32660565347,httpie,C1,P01 HTTPie C1 Tests,dependency-installation,108.922,26.2,,3.10
32660565347,httpie,C1,P01 HTTPie C1 Tests,test-execution,336.04,94.86,,3.10
32660565347,httpie,C1,P01 HTTPie C1 Tests,checkout,5.48561,1.26,,3.11
32660565347,httpie,C1,P01 HTTPie C1 Tests,dependency-installation,100.609,24.24,,3.11
32660565347,httpie,C1,P01 HTTPie C1 Tests,test-execution,324.984,92.89,,3.11
32660565749,httpie,C2,P01 HTTPie C2 Tests,checkout,4.61313,1.26,,3.10
32660565749,httpie,C2,P01 HTTPie C2 Tests,dependency-installation,92.5381,22.84,,3.10
32660565749,httpie,C2,P01 HTTPie C2 Tests,test-execution,370.657,102.73,,3.10
32660565749,httpie,C2,P01 HTTPie C2 Tests,checkout,4.9709,1.13,,3.11
32660565749,httpie,C2,P01 HTTPie C2 Tests,dependency-installation,84.9089,20.72,,3.11
32660565749,httpie,C2,P01 HTTPie C2 Tests,test-execution,322.558,92.1,,3.11
32660565749,httpie,C2,P01 HTTPie C2 Tests,dependency-installation,73.6741,17.9,,3.12
32660565749,httpie,C2,P01 HTTPie C2 Tests,test-execution,340.658,95.38,,3.12
32660303971,gson,C3,P05 Gson C3 Consolidated,checkout,5.64329,1.31,,
32660303971,gson,C3,P05 Gson C3 Consolidated,test-execution,278.95,52.38,,
32660302598,retrofit,C4,P03 Retrofit C4 Combined,checkout,5.77337,1.33,,
32660302598,retrofit,C4,P03 Retrofit C4 Combined,test-execution,311.078,65.39,,
32660300417,retrofit,C2,P03 Retrofit C2 Tests,checkout,2.36854,1.08,,
32660300417,retrofit,C2,P03 Retrofit C2 Tests,test-execution,340.475,68.58,,
32660297992,httpie,C2,P01 HTTPie C2 Tests,checkout,7.16779,1.66,,3.12
32660297992,httpie,C2,P01 HTTPie C2 Tests,dependency-installation,92.9035,22.6,,3.12
32660297992,httpie,C2,P01 HTTPie C2 Tests,test-execution,343.543,96.9,,3.12
32660297992,httpie,C2,P01 HTTPie C2 Tests,checkout,2.34854,1.17,,3.11
32660297992,httpie,C2,P01 HTTPie C2 Tests,dependency-installation,88.8202,22.64,,3.11
32660297992,httpie,C2,P01 HTTPie C2 Tests,test-execution,326.735,93.66,,3.11
32660297992,httpie,C2,P01 HTTPie C2 Tests,checkout,4.59513,1.25,,3.10
32660297992,httpie,C2,P01 HTTPie C2 Tests,dependency-installation,83.9034,20.41,,3.10
32660297992,httpie,C2,P01 HTTPie C2 Tests,test-execution,320.193,90.75,,3.10
32660297693,httpie,C1,P01 HTTPie C1 Tests,checkout,2.55686,1.17,,3.10
32660297693,httpie,C1,P01 HTTPie C1 Tests,dependency-installation,103.244,25.63,,3.10
32660297693,httpie,C1,P01 HTTPie C1 Tests,test-execution,344.416,97.73,,3.10
32660297693,httpie,C1,P01 HTTPie C1 Tests,checkout,3.48971,1.22,,3.12
32660297693,httpie,C1,P01 HTTPie C1 Tests,dependency-installation,88.9438,21.96,,3.12
32660297693,httpie,C1,P01 HTTPie C1 Tests,test-execution,353.614,99.24,,3.12
32660297693,httpie,C1,P01 HTTPie C1 Tests,checkout,4.71564,1.19,,3.11
32660297693,httpie,C1,P01 HTTPie C1 Tests,dependency-installation,101.009,24.27,,3.11
32660297693,httpie,C1,P01 HTTPie C1 Tests,test-execution,322.781,91.93,,3.11
32660028566,gson,C3,P05 Gson C3 Consolidated,checkout,4.10201,1.17,,
32660028566,gson,C3,P05 Gson C3 Consolidated,test-execution,260.413,45.52,,
32660027203,retrofit,C4,P03 Retrofit C4 Combined,checkout,5.68419,1.64,,
32660027203,retrofit,C4,P03 Retrofit C4 Combined,test-execution,326.126,66.37,,
32660025116,retrofit,C2,P03 Retrofit C2 Tests,checkout,4.43916,1.28,,
32660025116,retrofit,C2,P03 Retrofit C2 Tests,test-execution,295.408,60.49,,
32660022317,httpie,C2,P01 HTTPie C2 Tests,dependency-installation,81.3835,19.76,,3.10
32660022317,httpie,C2,P01 HTTPie C2 Tests,test-execution,340.886,95.93,,3.10
32660022317,httpie,C2,P01 HTTPie C2 Tests,checkout,4.37902,1.19,,3.11
32660022317,httpie,C2,P01 HTTPie C2 Tests,dependency-installation,73.7739,18.27,,3.11
32660022317,httpie,C2,P01 HTTPie C2 Tests,test-execution,314.284,89.79,,3.11
32660022317,httpie,C2,P01 HTTPie C2 Tests,checkout,2.94448,1.06,,3.12
32660022317,httpie,C2,P01 HTTPie C2 Tests,dependency-installation,61.2494,15.48,,3.12
32660022317,httpie,C2,P01 HTTPie C2 Tests,test-execution,280.313,81.54,,3.12
32660022192,httpie,C1,P01 HTTPie C1 Tests,checkout,5.239,1.21,,3.10
32660022192,httpie,C1,P01 HTTPie C1 Tests,dependency-installation,98.752,23.53,,3.10
32660022192,httpie,C1,P01 HTTPie C1 Tests,test-execution,358.187,99.62,,3.10
32660022192,httpie,C1,P01 HTTPie C1 Tests,checkout,3.79828,1.05,,3.12
32660022192,httpie,C1,P01 HTTPie C1 Tests,dependency-installation,89.322,22.07,,3.12
32660022192,httpie,C1,P01 HTTPie C1 Tests,test-execution,341.028,96.32,,3.12
32660022192,httpie,C1,P01 HTTPie C1 Tests,checkout,3.24909,1.5,,3.11
32660022192,httpie,C1,P01 HTTPie C1 Tests,dependency-installation,80.4239,20.24,,3.11
32660022192,httpie,C1,P01 HTTPie C1 Tests,test-execution,323.83,92.6,,3.11
32659751023,gson,C3,P05 Gson C3 Consolidated,checkout,5.3808,1.78,,
32659751023,gson,C3,P05 Gson C3 Consolidated,test-execution,289.019,53.71,,
32659750021,retrofit,C4,P03 Retrofit C4 Combined,test-execution,316.468,59.66,,
32659749265,retrofit,C2,P03 Retrofit C2 Tests,test-execution,314.531,59.28,,
32659746314,httpie,C2,P01 HTTPie C2 Tests,checkout,2.94857,1.2,,3.10
32659746314,httpie,C2,P01 HTTPie C2 Tests,dependency-installation,84.0846,21.12,,3.10
32659746314,httpie,C2,P01 HTTPie C2 Tests,test-execution,345.2,97.82,,3.10
32659746314,httpie,C2,P01 HTTPie C2 Tests,dependency-installation,85.5864,20.89,,3.12
32659746314,httpie,C2,P01 HTTPie C2 Tests,test-execution,337.442,95.04,,3.12
32659746314,httpie,C2,P01 HTTPie C2 Tests,dependency-installation,73.3747,18.01,,3.11
32659746314,httpie,C2,P01 HTTPie C2 Tests,test-execution,312.052,89.47,,3.11
32659746123,httpie,C1,P01 HTTPie C1 Tests,checkout,5.75876,1.31,,3.10
32659746123,httpie,C1,P01 HTTPie C1 Tests,dependency-installation,119.227,29.48,,3.10
32659746123,httpie,C1,P01 HTTPie C1 Tests,test-execution,352.736,98.31,,3.10
32659746123,httpie,C1,P01 HTTPie C1 Tests,checkout,5.02184,1.71,,3.12
32659746123,httpie,C1,P01 HTTPie C1 Tests,dependency-installation,101.517,25.41,,3.12
32659746123,httpie,C1,P01 HTTPie C1 Tests,test-execution,343.947,95.49,,3.12
32659746123,httpie,C1,P01 HTTPie C1 Tests,dependency-installation,100.326,24.77,,3.11
32659746123,httpie,C1,P01 HTTPie C1 Tests,test-execution,316.226,90.72,,3.11
32659487712,gson,C3,P05 Gson C3 Consolidated,test-execution,248.054,42.54,,
32659486281,retrofit,C4,P03 Retrofit C4 Combined,checkout,5.08982,1.41,,
32659486281,retrofit,C4,P03 Retrofit C4 Combined,test-execution,329.907,67.25,,
32659484792,retrofit,C2,P03 Retrofit C2 Tests,checkout,4.8018,1.18,,
32659484792,retrofit,C2,P03 Retrofit C2 Tests,test-execution,420.716,88.95,,
32659481762,httpie,C2,P01 HTTPie C2 Tests,checkout,2.58989,1.17,,3.12
32659481762,httpie,C2,P01 HTTPie C2 Tests,dependency-installation,79.2723,19.98,,3.12
32659481762,httpie,C2,P01 HTTPie C2 Tests,test-execution,347.576,98.25,,3.12
32659481762,httpie,C2,P01 HTTPie C2 Tests,checkout,2.76811,1.18,,3.10
32659481762,httpie,C2,P01 HTTPie C2 Tests,dependency-installation,85.0466,21.31,,3.10
32659481762,httpie,C2,P01 HTTPie C2 Tests,test-execution,338.096,95.62,,3.10
32659481762,httpie,C2,P01 HTTPie C2 Tests,checkout,5.13748,1.12,,3.11
32659481762,httpie,C2,P01 HTTPie C2 Tests,dependency-installation,88.7802,21.6,,3.11
32659481762,httpie,C2,P01 HTTPie C2 Tests,test-execution,328.826,93.1,,3.11
32659481195,httpie,C1,P01 HTTPie C1 Tests,checkout,7.8148,1.72,,3.12
32659481195,httpie,C1,P01 HTTPie C1 Tests,dependency-installation,101.059,24.78,,3.12
32659481195,httpie,C1,P01 HTTPie C1 Tests,test-execution,340.493,95.71,,3.12
32659481195,httpie,C1,P01 HTTPie C1 Tests,dependency-installation,94.7052,23.38,,3.10
32659481195,httpie,C1,P01 HTTPie C1 Tests,test-execution,331.918,93.85,,3.10
32659481195,httpie,C1,P01 HTTPie C1 Tests,checkout,4.99521,1.36,,3.11
32659481195,httpie,C1,P01 HTTPie C1 Tests,dependency-installation,89.2381,22.67,,3.11
32659481195,httpie,C1,P01 HTTPie C1 Tests,test-execution,309.664,88.9,,3.11
32659220608,gson,C3,P05 Gson C3 Consolidated,checkout,6.28252,1.45,,
32659220608,gson,C3,P05 Gson C3 Consolidated,test-execution,272.805,50.09,,
32659219706,retrofit,C4,P03 Retrofit C4 Combined,checkout,5.80403,1.29,,
32659219706,retrofit,C4,P03 Retrofit C4 Combined,test-execution,334.528,66.47,,
32659216985,retrofit,C2,P03 Retrofit C2 Tests,checkout,2.61853,1.06,,
32659216985,retrofit,C2,P03 Retrofit C2 Tests,test-execution,316.532,62.2,,
32659213980,httpie,C2,P01 HTTPie C2 Tests,checkout,7.08296,1.61,,3.12
32659213980,httpie,C2,P01 HTTPie C2 Tests,dependency-installation,90.3684,22.08,,3.12
32659213980,httpie,C2,P01 HTTPie C2 Tests,test-execution,346.442,97.3,,3.12
32659213980,httpie,C2,P01 HTTPie C2 Tests,dependency-installation,84.8503,20.22,,3.10
32659213980,httpie,C2,P01 HTTPie C2 Tests,test-execution,346.067,96.91,,3.10
32659213980,httpie,C2,P01 HTTPie C2 Tests,dependency-installation,72.7686,17.77,,3.11
32659213980,httpie,C2,P01 HTTPie C2 Tests,test-execution,323.253,91.48,,3.11
32659212589,httpie,C1,P01 HTTPie C1 Tests,checkout,5.9384,1.7,,3.10
32659212589,httpie,C1,P01 HTTPie C1 Tests,dependency-installation,110.754,27.29,,3.10
32659212589,httpie,C1,P01 HTTPie C1 Tests,test-execution,360.132,100.36,,3.10
32659212589,httpie,C1,P01 HTTPie C1 Tests,checkout,4.18706,1.14,,3.12
32659212589,httpie,C1,P01 HTTPie C1 Tests,dependency-installation,101.399,25.0,,3.12
32659212589,httpie,C1,P01 HTTPie C1 Tests,test-execution,366.227,102.08,,3.12
32659212589,httpie,C1,P01 HTTPie C1 Tests,checkout,6.56586,1.63,,3.11
32659212589,httpie,C1,P01 HTTPie C1 Tests,dependency-installation,88.2863,21.56,,3.11
32659212589,httpie,C1,P01 HTTPie C1 Tests,test-execution,320.587,91.38,,3.11
32658950009,gson,C3,P05 Gson C3 Consolidated,checkout,2.96625,1.14,,
32658950009,gson,C3,P05 Gson C3 Consolidated,test-execution,268.305,46.96,,
32658948714,retrofit,C4,P03 Retrofit C4 Combined,checkout,13.9256,2.84,,
32658948714,retrofit,C4,P03 Retrofit C4 Combined,test-execution,377.091,74.55,,
32658947662,retrofit,C2,P03 Retrofit C2 Tests,checkout,2.83525,1.17,,
32658947662,retrofit,C2,P03 Retrofit C2 Tests,test-execution,332.491,66.66,,
32658945399,httpie,C2,P01 HTTPie C2 Tests,checkout,2.76565,1.05,,3.10
32658945399,httpie,C2,P01 HTTPie C2 Tests,dependency-installation,85.4114,21.08,,3.10
32658945399,httpie,C2,P01 HTTPie C2 Tests,test-execution,348.422,97.7,,3.10
32658945399,httpie,C2,P01 HTTPie C2 Tests,checkout,2.78448,1.17,,3.12
32658945399,httpie,C2,P01 HTTPie C2 Tests,dependency-installation,76.7865,19.27,,3.12
32658945399,httpie,C2,P01 HTTPie C2 Tests,test-execution,349.256,98.19,,3.12
32658945399,httpie,C2,P01 HTTPie C2 Tests,checkout,7.93244,2.1,,3.11
32658945399,httpie,C2,P01 HTTPie C2 Tests,dependency-installation,77.2139,19.36,,3.11
32658945399,httpie,C2,P01 HTTPie C2 Tests,test-execution,272.623,79.89,,3.11
32658943973,httpie,C1,P01 HTTPie C1 Tests,checkout,3.78712,1.08,,3.12
32658943973,httpie,C1,P01 HTTPie C1 Tests,dependency-installation,95.1879,23.59,,3.12
32658943973,httpie,C1,P01 HTTPie C1 Tests,test-execution,363.129,101.41,,3.12
32658943973,httpie,C1,P01 HTTPie C1 Tests,dependency-installation,108.59,26.59,,3.10
32658943973,httpie,C1,P01 HTTPie C1 Tests,test-execution,360.481,99.99,,3.10
32658943973,httpie,C1,P01 HTTPie C1 Tests,checkout,2.72806,1.06,,3.11
32658943973,httpie,C1,P01 HTTPie C1 Tests,dependency-installation,95.6095,24.33,,3.11
32658943973,httpie,C1,P01 HTTPie C1 Tests,test-execution,307.443,88.61,,3.11
32657337276,httpie,C3,P01 HTTPie C3 Consolidated,checkout,4.75129,1.3,,
32657337276,httpie,C3,P01 HTTPie C3 Consolidated,dependency-installation,95.7463,23.54,,
32657337276,httpie,C3,P01 HTTPie C3 Consolidated,coverage,374.211,103.84,,
32657337276,httpie,C3,P01 HTTPie C3 Consolidated,dist-test,78.0382,19.2,,
32657337276,httpie,C3,P01 HTTPie C3 Consolidated,checkout,5.42736,1.55,,3.11
32657337276,httpie,C3,P01 HTTPie C3 Consolidated,dependency-installation,95.5447,23.84,,3.11
32657337276,httpie,C3,P01 HTTPie C3 Consolidated,test-execution,336.215,95.55,,3.11
32657337276,httpie,C3,P01 HTTPie C3 Consolidated,checkout,4.93941,1.09,,3.10
32657337276,httpie,C3,P01 HTTPie C3 Consolidated,dependency-installation,99.8228,24.21,,3.10
32657337276,httpie,C3,P01 HTTPie C3 Consolidated,test-execution,342.052,96.04,,3.10
32657337276,httpie,C3,P01 HTTPie C3 Consolidated,checkout,2.89214,1.09,,3.12
32657337276,httpie,C3,P01 HTTPie C3 Consolidated,dependency-installation,70.4297,17.55,,3.12
32657337276,httpie,C3,P01 HTTPie C3 Consolidated,test-execution,283.873,83.16,,3.12
32657337276,httpie,C3,P01 HTTPie C3 Consolidated,dependency-installation,50.0942,12.07,,
32657337276,httpie,C3,P01 HTTPie C3 Consolidated,lint,71.5359,17.56,,
32657035966,httpie,C3,P01 HTTPie C3 Consolidated,checkout,5.56158,1.52,,
32657035966,httpie,C3,P01 HTTPie C3 Consolidated,dependency-installation,103.109,26.04,,
32657035966,httpie,C3,P01 HTTPie C3 Consolidated,coverage,370.604,104.0,,
32657035966,httpie,C3,P01 HTTPie C3 Consolidated,dist-test,79.6477,19.58,,
32657035966,httpie,C3,P01 HTTPie C3 Consolidated,checkout,6.9895,1.53,,3.10
32657035966,httpie,C3,P01 HTTPie C3 Consolidated,dependency-installation,110.949,26.99,,3.10
32657035966,httpie,C3,P01 HTTPie C3 Consolidated,test-execution,339.526,95.0,,3.10
32657035966,httpie,C3,P01 HTTPie C3 Consolidated,checkout,6.6621,1.52,,3.11
32657035966,httpie,C3,P01 HTTPie C3 Consolidated,dependency-installation,96.423,23.5,,3.11
32657035966,httpie,C3,P01 HTTPie C3 Consolidated,test-execution,325.083,92.35,,3.11
32657035966,httpie,C3,P01 HTTPie C3 Consolidated,checkout,5.14096,1.15,,3.12
32657035966,httpie,C3,P01 HTTPie C3 Consolidated,dependency-installation,90.1601,21.11,,3.12
32657035966,httpie,C3,P01 HTTPie C3 Consolidated,test-execution,313.096,82.57,,3.12
32657035966,httpie,C3,P01 HTTPie C3 Consolidated,dependency-installation,59.3622,14.24,,
32657035966,httpie,C3,P01 HTTPie C3 Consolidated,lint,77.9993,19.25,,
32656732395,httpie,C3,P01 HTTPie C3 Consolidated,checkout,2.89347,1.09,,
32656732395,httpie,C3,P01 HTTPie C3 Consolidated,dependency-installation,98.0222,24.28,,
32656732395,httpie,C3,P01 HTTPie C3 Consolidated,coverage,370.263,103.38,,
32656732395,httpie,C3,P01 HTTPie C3 Consolidated,dist-test,78.5024,19.34,,
32656732395,httpie,C3,P01 HTTPie C3 Consolidated,checkout,5.02337,1.27,,3.10
32656732395,httpie,C3,P01 HTTPie C3 Consolidated,dependency-installation,99.3015,24.11,,3.10
32656732395,httpie,C3,P01 HTTPie C3 Consolidated,test-execution,343.614,96.94,,3.10
32656732395,httpie,C3,P01 HTTPie C3 Consolidated,dependency-installation,100.185,24.42,,3.12
32656732395,httpie,C3,P01 HTTPie C3 Consolidated,test-execution,342.13,96.28,,3.12
32656732395,httpie,C3,P01 HTTPie C3 Consolidated,checkout,3.07965,1.25,,3.11
32656732395,httpie,C3,P01 HTTPie C3 Consolidated,dependency-installation,91.6025,22.79,,3.11
32656732395,httpie,C3,P01 HTTPie C3 Consolidated,test-execution,327.329,93.75,,3.11
32656732395,httpie,C3,P01 HTTPie C3 Consolidated,checkout,15.6136,2.85,,
32656732395,httpie,C3,P01 HTTPie C3 Consolidated,dependency-installation,43.4256,9.93,,
32656732395,httpie,C3,P01 HTTPie C3 Consolidated,lint,73.5311,18.07,,
32656425741,httpie,C3,P01 HTTPie C3 Consolidated,checkout,3.30147,1.51,,
32656425741,httpie,C3,P01 HTTPie C3 Consolidated,dependency-installation,96.1091,24.24,,
32656425741,httpie,C3,P01 HTTPie C3 Consolidated,coverage,378.852,105.64,,
32656425741,httpie,C3,P01 HTTPie C3 Consolidated,dist-test,79.6246,19.79,,
32656425741,httpie,C3,P01 HTTPie C3 Consolidated,dependency-installation,101.518,24.77,,3.10
32656425741,httpie,C3,P01 HTTPie C3 Consolidated,test-execution,349.207,97.71,,3.10
32656425741,httpie,C3,P01 HTTPie C3 Consolidated,dependency-installation,104.323,26.09,,3.11
32656425741,httpie,C3,P01 HTTPie C3 Consolidated,test-execution,321.191,92.64,,3.11
32656425741,httpie,C3,P01 HTTPie C3 Consolidated,dependency-installation,89.9324,22.2,,3.12
32656425741,httpie,C3,P01 HTTPie C3 Consolidated,test-execution,332.206,94.3,,3.12
32656425741,httpie,C3,P01 HTTPie C3 Consolidated,dependency-installation,57.8077,14.08,,
32656425741,httpie,C3,P01 HTTPie C3 Consolidated,lint,68.8731,17.24,,
32656401686,retrofit,C3,P03 Retrofit C3 Consolidated,checkout,3.74866,1.25,,
32656401686,retrofit,C3,P03 Retrofit C3 Consolidated,test-execution,498.054,88.98,,
32656238174,httpie,C1,P01 HTTPie C1 Code Style,dependency-installation,45.6013,10.72,,
32656238174,httpie,C1,P01 HTTPie C1 Code Style,lint,89.1568,20.75,,
32656144815,gson,C4,P05 Gson C4 Combined,test-execution,212.431,32.51,,
32656135106,retrofit,C3,P03 Retrofit C3 Consolidated,checkout,4.45167,1.18,,
32656135106,retrofit,C3,P03 Retrofit C3 Consolidated,test-execution,415.582,84.17,,
32656132575,got,C4,P02 got C4 Combined,dependency-installation,163.668,35.24,,
32656132575,got,C4,P02 got C4 Combined,test-execution,391.245,74.79,,
32656132575,got,C4,P02 got C4 Combined,dependency-installation,158.188,32.4,,
32656132575,got,C4,P02 got C4 Combined,test-execution,320.261,65.44,,
32656132281,retrofit,C1,P03 Retrofit C1 Tests,test-execution,467.706,90.6,,
32656130275,got,C3,P02 got C3 Consolidated,checkout,4.50667,1.08,,
32656130275,got,C3,P02 got C3 Consolidated,dependency-installation,158.69,36.18,,
32656130275,got,C3,P02 got C3 Consolidated,test-execution,327.163,66.55,,
32656130275,got,C3,P02 got C3 Consolidated,checkout,2.7823,1.1,,
32656130275,got,C3,P02 got C3 Consolidated,dependency-installation,156.868,35.39,,
32656130275,got,C3,P02 got C3 Consolidated,test-execution,374.63,73.42,,
32656128611,got,C2,P02 got C2 Tests,checkout,4.8719,1.38,,
32656128611,got,C2,P02 got C2 Tests,dependency-installation,220.342,48.04,,
32656128611,got,C2,P02 got C2 Tests,test-execution,453.734,85.03,,
32656128611,got,C2,P02 got C2 Tests,checkout,4.01518,1.1,,
32656128611,got,C2,P02 got C2 Tests,dependency-installation,174.199,38.83,,
32656128611,got,C2,P02 got C2 Tests,test-execution,325.439,67.14,,
32656128332,got,C1,P02 got C1 Tests,checkout,5.08425,1.52,,
32656128332,got,C1,P02 got C1 Tests,dependency-installation,164.205,36.83,,
32656128332,got,C1,P02 got C1 Tests,test-execution,323.336,66.42,,
32656128332,got,C1,P02 got C1 Tests,dependency-installation,162.898,33.92,,
32656128332,got,C1,P02 got C1 Tests,test-execution,373.174,72.51,,
32656125650,httpie,C4,P01 HTTPie C4 Combined,checkout,3.562,1.16,,
32656125650,httpie,C4,P01 HTTPie C4 Combined,dependency-installation,78.7349,19.61,,
32656125650,httpie,C4,P01 HTTPie C4 Combined,coverage,371.253,102.92,,
32656125650,httpie,C4,P01 HTTPie C4 Combined,dist-test,80.1436,19.89,,
32656125650,httpie,C4,P01 HTTPie C4 Combined,checkout,5.26167,1.23,,3.12
32656125650,httpie,C4,P01 HTTPie C4 Combined,dependency-installation,83.5513,20.29,,3.12
32656125650,httpie,C4,P01 HTTPie C4 Combined,test-execution,362.058,100.89,,3.12
32656125650,httpie,C4,P01 HTTPie C4 Combined,dependency-installation,82.5703,20.13,,3.10
32656125650,httpie,C4,P01 HTTPie C4 Combined,test-execution,333.182,93.48,,3.10
32656125650,httpie,C4,P01 HTTPie C4 Combined,checkout,4.97016,1.43,,3.11
32656125650,httpie,C4,P01 HTTPie C4 Combined,dependency-installation,83.4981,20.49,,3.11
32656125650,httpie,C4,P01 HTTPie C4 Combined,test-execution,316.189,90.02,,3.11
32656125650,httpie,C4,P01 HTTPie C4 Combined,checkout,5.14056,1.39,,
32656125650,httpie,C4,P01 HTTPie C4 Combined,dependency-installation,57.1477,14.18,,
32656125650,httpie,C4,P01 HTTPie C4 Combined,lint,73.0542,18.1,,
32656124140,httpie,C3,P01 HTTPie C3 Consolidated,checkout,4.17827,1.21,,
32656124140,httpie,C3,P01 HTTPie C3 Consolidated,dependency-installation,112.32,28.05,,
32656124140,httpie,C3,P01 HTTPie C3 Consolidated,coverage,374.71,103.38,,
32656124140,httpie,C3,P01 HTTPie C3 Consolidated,dist-test,82.2984,20.36,,
32656124140,httpie,C3,P01 HTTPie C3 Consolidated,checkout,4.36302,1.19,,3.10
32656124140,httpie,C3,P01 HTTPie C3 Consolidated,dependency-installation,113.277,28.25,,3.10
32656124140,httpie,C3,P01 HTTPie C3 Consolidated,test-execution,342.492,96.75,,3.10
32656124140,httpie,C3,P01 HTTPie C3 Consolidated,dependency-installation,105.718,25.35,,3.12
32656124140,httpie,C3,P01 HTTPie C3 Consolidated,test-execution,366.113,101.65,,3.12
32656124140,httpie,C3,P01 HTTPie C3 Consolidated,checkout,4.6071,1.43,,3.11
32656124140,httpie,C3,P01 HTTPie C3 Consolidated,dependency-installation,84.4246,21.31,,3.11
32656124140,httpie,C3,P01 HTTPie C3 Consolidated,test-execution,280.586,82.34,,3.11
32656124140,httpie,C3,P01 HTTPie C3 Consolidated,checkout,9.99514,2.32,,
32656124140,httpie,C3,P01 HTTPie C3 Consolidated,dependency-installation,60.1684,13.3,,
32656124140,httpie,C3,P01 HTTPie C3 Consolidated,lint,90.4901,21.42,,
32655975420,httpie,C1,P01 HTTPie C1 Code Style,dependency-installation,53.5957,13.03,,
32655975420,httpie,C1,P01 HTTPie C1 Code Style,lint,73.0433,18.12,,
32655918455,httpie,C1,P01 HTTPie C1 Coverage,dependency-installation,99.103,24.2,,
32655918455,httpie,C1,P01 HTTPie C1 Coverage,coverage,371.34,103.22,,
32655918455,httpie,C1,P01 HTTPie C1 Coverage,dist-test,81.2174,19.91,,
32655878805,gson,C4,P05 Gson C4 Combined,checkout,5.20289,1.2,,
32655878805,gson,C4,P05 Gson C4 Combined,test-execution,231.301,36.98,,
32655876207,gson,C1,P05 Gson C1 Tests,test-execution,254.655,51.76,,
32655873135,resty,C4,P04 resty C4 Combined,checkout,7.78991,1.8,,
32655873135,resty,C4,P04 resty C4 Combined,dependency-installation,42.5888,10.2,,
32655873135,resty,C4,P04 resty C4 Combined,test-execution,227.923,78.46,,
32655872968,resty,C3,P04 resty C3 Consolidated,checkout,6.53175,1.87,,
32655872968,resty,C3,P04 resty C3 Consolidated,dependency-installation,37.0985,9.33,,
32655872968,resty,C3,P04 resty C3 Consolidated,test-execution,183.701,79.29,,
32655869409,resty,C2,P04 resty C2 Tests,checkout,4.85901,1.67,,
32655869409,resty,C2,P04 resty C2 Tests,dependency-installation,42.6183,11.27,,
32655869409,resty,C2,P04 resty C2 Tests,test-execution,181.66,79.82,,
32655868444,retrofit,C3,P03 Retrofit C3 Consolidated,test-execution,511.013,92.81,,
32655865214,retrofit,C1,P03 Retrofit C1 Tests,checkout,3.23485,1.14,,
32655865214,retrofit,C1,P03 Retrofit C1 Tests,test-execution,506.974,91.52,,
32655863578,got,C4,P02 got C4 Combined,checkout,2.86791,1.19,,
32655863578,got,C4,P02 got C4 Combined,dependency-installation,147.649,32.25,,
32655863578,got,C4,P02 got C4 Combined,test-execution,397.328,76.39,,
32655863578,got,C4,P02 got C4 Combined,checkout,3.49465,1.2,,
32655863578,got,C4,P02 got C4 Combined,dependency-installation,162.648,37.32,,
32655863578,got,C4,P02 got C4 Combined,test-execution,319.62,65.34,,
32655862054,got,C3,P02 got C3 Consolidated,checkout,4.9361,1.16,,
32655862054,got,C3,P02 got C3 Consolidated,dependency-installation,168.662,36.36,,
32655862054,got,C3,P02 got C3 Consolidated,test-execution,392.513,74.76,,
32655862054,got,C3,P02 got C3 Consolidated,checkout,4.68695,1.1,,
32655862054,got,C3,P02 got C3 Consolidated,dependency-installation,152.148,34.47,,
32655862054,got,C3,P02 got C3 Consolidated,test-execution,322.737,65.53,,
32655860330,got,C2,P02 got C2 Tests,checkout,3.64412,1.06,,
32655860330,got,C2,P02 got C2 Tests,dependency-installation,160.08,33.41,,
32655860330,got,C2,P02 got C2 Tests,test-execution,317.491,65.19,,
32655860330,got,C2,P02 got C2 Tests,checkout,4.55249,1.28,,
32655860330,got,C2,P02 got C2 Tests,dependency-installation,155.696,34.18,,
32655860330,got,C2,P02 got C2 Tests,test-execution,308.153,61.57,,
32655859501,got,C1,P02 got C1 Tests,checkout,2.37833,1.15,,
32655859501,got,C1,P02 got C1 Tests,dependency-installation,187.569,40.98,,
32655859501,got,C1,P02 got C1 Tests,test-execution,378.244,72.13,,
32655859501,got,C1,P02 got C1 Tests,checkout,7.42916,1.62,,
32655859501,got,C1,P02 got C1 Tests,dependency-installation,189.803,41.65,,
32655859501,got,C1,P02 got C1 Tests,test-execution,286.956,57.63,,
32655856436,httpie,C4,P01 HTTPie C4 Combined,checkout,4.24077,1.16,,
32655856436,httpie,C4,P01 HTTPie C4 Combined,dependency-installation,86.2231,21.41,,
32655856436,httpie,C4,P01 HTTPie C4 Combined,coverage,382.699,105.9,,
32655856436,httpie,C4,P01 HTTPie C4 Combined,dist-test,79.0028,19.4,,
32655856436,httpie,C4,P01 HTTPie C4 Combined,checkout,2.84789,1.09,,3.12
32655856436,httpie,C4,P01 HTTPie C4 Combined,dependency-installation,80.9671,20.36,,3.12
32655856436,httpie,C4,P01 HTTPie C4 Combined,test-execution,346.508,97.37,,3.12
32655856436,httpie,C4,P01 HTTPie C4 Combined,checkout,2.49901,1.19,,3.11
32655856436,httpie,C4,P01 HTTPie C4 Combined,dependency-installation,88.413,22.28,,3.11
32655856436,httpie,C4,P01 HTTPie C4 Combined,test-execution,342.052,95.45,,3.11
32655856436,httpie,C4,P01 HTTPie C4 Combined,dependency-installation,88.9196,21.7,,3.10
32655856436,httpie,C4,P01 HTTPie C4 Combined,test-execution,337.67,95.05,,3.10
32655856436,httpie,C4,P01 HTTPie C4 Combined,checkout,5.75519,1.32,,
32655856436,httpie,C4,P01 HTTPie C4 Combined,dependency-installation,65.4543,15.8,,
32655856436,httpie,C4,P01 HTTPie C4 Combined,lint,74.8949,18.27,,
32655855581,httpie,C3,P01 HTTPie C3 Consolidated,dependency-installation,99.5858,24.33,,
32655855581,httpie,C3,P01 HTTPie C3 Consolidated,coverage,375.893,103.55,,
32655855581,httpie,C3,P01 HTTPie C3 Consolidated,dist-test,78.4129,19.22,,
32655855581,httpie,C3,P01 HTTPie C3 Consolidated,checkout,6.97767,1.52,,3.10
32655855581,httpie,C3,P01 HTTPie C3 Consolidated,dependency-installation,109.341,26.65,,3.10
32655855581,httpie,C3,P01 HTTPie C3 Consolidated,test-execution,341.222,95.7,,3.10
32655855581,httpie,C3,P01 HTTPie C3 Consolidated,checkout,6.56444,1.42,,3.12
32655855581,httpie,C3,P01 HTTPie C3 Consolidated,dependency-installation,87.119,21.11,,3.12
32655855581,httpie,C3,P01 HTTPie C3 Consolidated,test-execution,345.473,96.25,,3.12
32655855581,httpie,C3,P01 HTTPie C3 Consolidated,dependency-installation,92.2894,22.6,,3.11
32655855581,httpie,C3,P01 HTTPie C3 Consolidated,test-execution,330.977,93.4,,3.11
32655855581,httpie,C3,P01 HTTPie C3 Consolidated,dependency-installation,53.1719,12.86,,
32655855581,httpie,C3,P01 HTTPie C3 Consolidated,lint,76.9988,19.17,,
32655703190,httpie,C1,P01 HTTPie C1 Code Style,checkout,3.72114,1.56,,
32655703190,httpie,C1,P01 HTTPie C1 Code Style,dependency-installation,48.8638,12.34,,
32655703190,httpie,C1,P01 HTTPie C1 Code Style,lint,78.3618,19.81,,
32655649231,httpie,C1,P01 HTTPie C1 Coverage,dependency-installation,108.037,25.89,,
32655649231,httpie,C1,P01 HTTPie C1 Coverage,coverage,370.792,102.41,,
32655649231,httpie,C1,P01 HTTPie C1 Coverage,dist-test,77.3081,18.91,,
32655611297,gson,C4,P05 Gson C4 Combined,test-execution,227.725,36.25,,
32655609395,gson,C1,P05 Gson C1 Tests,checkout,4.05177,1.07,,
32655609395,gson,C1,P05 Gson C1 Tests,test-execution,240.792,47.65,,
32655606927,resty,C4,P04 resty C4 Combined,checkout,5.13427,1.52,,
32655606927,resty,C4,P04 resty C4 Combined,dependency-installation,42.7441,11.45,,
32655606927,resty,C4,P04 resty C4 Combined,test-execution,181.315,78.86,,
32655605771,resty,C3,P04 resty C3 Consolidated,checkout,6.95961,1.58,,
32655605771,resty,C3,P04 resty C3 Consolidated,dependency-installation,50.7029,13.04,,
32655605771,resty,C3,P04 resty C3 Consolidated,test-execution,182.376,78.85,,
32655602884,resty,C2,P04 resty C2 Tests,checkout,5.19151,1.48,,
32655602884,resty,C2,P04 resty C2 Tests,dependency-installation,35.1393,9.26,,
32655602884,resty,C2,P04 resty C2 Tests,test-execution,184.883,81.55,,
32655602205,retrofit,C3,P03 Retrofit C3 Consolidated,checkout,2.70303,1.2,,
32655602205,retrofit,C3,P03 Retrofit C3 Consolidated,test-execution,519.252,91.81,,
32655599593,retrofit,C1,P03 Retrofit C1 Tests,test-execution,486.883,87.82,,
32655597463,got,C3,P02 got C3 Consolidated,checkout,3.91814,1.12,,
32655597463,got,C3,P02 got C3 Consolidated,dependency-installation,178.978,40.26,,
32655597463,got,C3,P02 got C3 Consolidated,test-execution,391.83,75.15,,
32655597463,got,C3,P02 got C3 Consolidated,dependency-installation,151.132,30.39,,
32655597463,got,C3,P02 got C3 Consolidated,test-execution,272.926,56.05,,
32655598218,got,C4,P02 got C4 Combined,dependency-installation,144.009,29.53,,
32655598218,got,C4,P02 got C4 Combined,test-execution,376.977,72.3,,
32655598218,got,C4,P02 got C4 Combined,checkout,4.82657,1.29,,
32655598218,got,C4,P02 got C4 Combined,dependency-installation,166.7,36.2,,
32655598218,got,C4,P02 got C4 Combined,test-execution,296.498,61.56,,
32655595082,got,C2,P02 got C2 Tests,checkout,3.38138,1.3,,
32655595082,got,C2,P02 got C2 Tests,dependency-installation,180.6,42.43,,
32655595082,got,C2,P02 got C2 Tests,test-execution,376.419,72.74,,
32655595082,got,C2,P02 got C2 Tests,dependency-installation,160.826,33.13,,
32655595082,got,C2,P02 got C2 Tests,test-execution,314.362,64.14,,
32655594123,got,C1,P02 got C1 Tests,dependency-installation,186.03,39.61,,
32655594123,got,C1,P02 got C1 Tests,test-execution,386.861,74.37,,
32655594123,got,C1,P02 got C1 Tests,checkout,5.82928,1.36,,
32655594123,got,C1,P02 got C1 Tests,dependency-installation,132.753,27.09,,
32655594123,got,C1,P02 got C1 Tests,test-execution,219.874,48.36,,
32655592686,httpie,C2,P01 HTTPie C2 Coverage,checkout,5.39866,1.21,,
32655592686,httpie,C2,P01 HTTPie C2 Coverage,dependency-installation,83.5542,20.29,,
32655592686,httpie,C2,P01 HTTPie C2 Coverage,coverage,369.856,103.33,,
32655592686,httpie,C2,P01 HTTPie C2 Coverage,dist-test,77.8828,19.1,,
32655591214,httpie,C4,P01 HTTPie C4 Combined,dependency-installation,97.8052,22.58,,
32655591214,httpie,C4,P01 HTTPie C4 Combined,coverage,394.984,103.36,,
32655591214,httpie,C4,P01 HTTPie C4 Combined,dist-test,79.4626,19.39,,
32655591214,httpie,C4,P01 HTTPie C4 Combined,checkout,4.04714,1.16,,3.12
32655591214,httpie,C4,P01 HTTPie C4 Combined,dependency-installation,96.6685,23.88,,3.12
32655591214,httpie,C4,P01 HTTPie C4 Combined,test-execution,301.497,86.29,,3.12
32655591214,httpie,C4,P01 HTTPie C4 Combined,checkout,9.00205,2.14,,3.10
32655591214,httpie,C4,P01 HTTPie C4 Combined,dependency-installation,97.9215,22.96,,3.10
32655591214,httpie,C4,P01 HTTPie C4 Combined,test-execution,275.601,80.52,,3.10
32655591214,httpie,C4,P01 HTTPie C4 Combined,checkout,5.2481,1.2,,3.11
32655591214,httpie,C4,P01 HTTPie C4 Combined,dependency-installation,67.559,16.55,,3.11
32655591214,httpie,C4,P01 HTTPie C4 Combined,test-execution,295.378,81.17,,3.11
32655591214,httpie,C4,P01 HTTPie C4 Combined,checkout,4.68168,1.29,,
32655591214,httpie,C4,P01 HTTPie C4 Combined,dependency-installation,62.2217,15.34,,
32655591214,httpie,C4,P01 HTTPie C4 Combined,lint,72.7494,17.76,,
32655590179,httpie,C3,P01 HTTPie C3 Consolidated,checkout,2.7244,1.18,,
32655590179,httpie,C3,P01 HTTPie C3 Consolidated,dependency-installation,90.1661,22.37,,
32655590179,httpie,C3,P01 HTTPie C3 Consolidated,coverage,375.281,104.51,,
32655590179,httpie,C3,P01 HTTPie C3 Consolidated,dist-test,77.6122,19.18,,
32655590179,httpie,C3,P01 HTTPie C3 Consolidated,checkout,9.09214,2.03,,3.10
32655590179,httpie,C3,P01 HTTPie C3 Consolidated,dependency-installation,95.8478,23.31,,3.10
32655590179,httpie,C3,P01 HTTPie C3 Consolidated,test-execution,340.45,95.72,,3.10
32655590179,httpie,C3,P01 HTTPie C3 Consolidated,checkout,2.96607,1.04,,3.12
32655590179,httpie,C3,P01 HTTPie C3 Consolidated,dependency-installation,88.6274,22.46,,3.12
32655590179,httpie,C3,P01 HTTPie C3 Consolidated,test-execution,299.034,86.38,,3.12
32655590179,httpie,C3,P01 HTTPie C3 Consolidated,checkout,5.41346,1.26,,3.11
32655590179,httpie,C3,P01 HTTPie C3 Consolidated,dependency-installation,88.2256,21.07,,3.11
32655590179,httpie,C3,P01 HTTPie C3 Consolidated,test-execution,322.125,92.0,,3.11
32655590179,httpie,C3,P01 HTTPie C3 Consolidated,checkout,6.76724,1.86,,
32655590179,httpie,C3,P01 HTTPie C3 Consolidated,dependency-installation,55.6335,13.7,,
32655590179,httpie,C3,P01 HTTPie C3 Consolidated,lint,83.5272,21.01,,
32655439009,httpie,C1,P01 HTTPie C1 Code Style,checkout,5.18357,1.3,,
32655439009,httpie,C1,P01 HTTPie C1 Code Style,dependency-installation,48.4189,11.12,,
32655439009,httpie,C1,P01 HTTPie C1 Code Style,lint,78.2701,19.0,,
32655428973,httpie,C2,P01 HTTPie C2 Code Style,dependency-installation,66.1203,15.15,,
32655428973,httpie,C2,P01 HTTPie C2 Code Style,lint,72.2766,17.64,,
32655382965,httpie,C1,P01 HTTPie C1 Coverage,checkout,6.81594,1.53,,
32655382965,httpie,C1,P01 HTTPie C1 Coverage,dependency-installation,100.748,24.55,,
32655382965,httpie,C1,P01 HTTPie C1 Coverage,coverage,393.581,108.75,,
32655382965,httpie,C1,P01 HTTPie C1 Coverage,dist-test,81.6495,20.03,,
32655345511,gson,C4,P05 Gson C4 Combined,test-execution,237.098,37.87,,
32655342881,gson,C1,P05 Gson C1 Tests,test-execution,252.419,43.34,,
32655339859,resty,C4,P04 resty C4 Combined,checkout,5.4423,1.2,,
32655339859,resty,C4,P04 resty C4 Combined,dependency-installation,37.3798,8.78,,
32655339859,resty,C4,P04 resty C4 Combined,test-execution,184.76,80.05,,
32655338780,resty,C3,P04 resty C3 Consolidated,checkout,4.53166,1.3,,
32655338780,resty,C3,P04 resty C3 Consolidated,dependency-installation,42.7555,11.51,,
32655338780,resty,C3,P04 resty C3 Consolidated,test-execution,182.0,79.73,,
32655335576,retrofit,C3,P03 Retrofit C3 Consolidated,checkout,5.5855,1.3,,
32655335576,retrofit,C3,P03 Retrofit C3 Consolidated,test-execution,534.095,102.14,,
32655335886,resty,C2,P04 resty C2 Tests,checkout,6.46124,1.91,,
32655335886,resty,C2,P04 resty C2 Tests,dependency-installation,37.971,9.54,,
32655335886,resty,C2,P04 resty C2 Tests,test-execution,198.408,81.27,,
32655332320,retrofit,C1,P03 Retrofit C1 Tests,test-execution,440.409,86.35,,
32655330627,got,C4,P02 got C4 Combined,checkout,3.29959,1.24,,
32655330627,got,C4,P02 got C4 Combined,dependency-installation,143.59,31.35,,
32655330627,got,C4,P02 got C4 Combined,test-execution,378.789,73.46,,
32655330627,got,C4,P02 got C4 Combined,checkout,8.31152,1.85,,
32655330627,got,C4,P02 got C4 Combined,dependency-installation,172.676,36.93,,
32655330627,got,C4,P02 got C4 Combined,test-execution,335.197,67.44,,
32655329271,got,C3,P02 got C3 Consolidated,dependency-installation,174.979,35.89,,
32655329271,got,C3,P02 got C3 Consolidated,test-execution,358.376,67.55,,
32655329271,got,C3,P02 got C3 Consolidated,checkout,4.84397,1.12,,
32655329271,got,C3,P02 got C3 Consolidated,dependency-installation,152.953,33.34,,
32655329271,got,C3,P02 got C3 Consolidated,test-execution,324.162,66.13,,
32655326867,got,C2,P02 got C2 Tests,dependency-installation,163.04,35.35,,
32655326867,got,C2,P02 got C2 Tests,test-execution,371.212,71.31,,
32655326867,got,C2,P02 got C2 Tests,dependency-installation,162.647,34.0,,
32655326867,got,C2,P02 got C2 Tests,test-execution,334.893,68.31,,
32655325917,got,C1,P02 got C1 Tests,dependency-installation,182.391,37.5,,
32655325917,got,C1,P02 got C1 Tests,test-execution,373.028,72.52,,
32655325917,got,C1,P02 got C1 Tests,checkout,3.60485,1.19,,
32655325917,got,C1,P02 got C1 Tests,dependency-installation,152.355,34.34,,
32655325917,got,C1,P02 got C1 Tests,test-execution,328.889,67.42,,
32655325204,httpie,C2,P01 HTTPie C2 Coverage,checkout,2.51504,1.09,,
32655325204,httpie,C2,P01 HTTPie C2 Coverage,dependency-installation,73.0771,18.2,,
32655325204,httpie,C2,P01 HTTPie C2 Coverage,coverage,372.556,103.09,,
32655325204,httpie,C2,P01 HTTPie C2 Coverage,dist-test,78.3368,19.34,,
32655323785,httpie,C4,P01 HTTPie C4 Combined,checkout,5.22776,1.65,,
32655323785,httpie,C4,P01 HTTPie C4 Combined,dependency-installation,89.1734,22.2,,
32655323785,httpie,C4,P01 HTTPie C4 Combined,coverage,313.803,89.42,,
32655323785,httpie,C4,P01 HTTPie C4 Combined,dist-test,58.5352,14.61,,
32655323785,httpie,C4,P01 HTTPie C4 Combined,checkout,3.62353,1.28,,3.12
32655323785,httpie,C4,P01 HTTPie C4 Combined,dependency-installation,81.2141,20.26,,3.12
32655323785,httpie,C4,P01 HTTPie C4 Combined,test-execution,347.437,97.82,,3.12
32655323785,httpie,C4,P01 HTTPie C4 Combined,checkout,8.4556,1.83,,3.10
32655323785,httpie,C4,P01 HTTPie C4 Combined,dependency-installation,81.7901,19.75,,3.10
32655323785,httpie,C4,P01 HTTPie C4 Combined,test-execution,336.7,94.34,,3.10
32655323785,httpie,C4,P01 HTTPie C4 Combined,checkout,3.2062,1.51,,3.11
32655323785,httpie,C4,P01 HTTPie C4 Combined,dependency-installation,56.7538,14.62,,3.11
32655323785,httpie,C4,P01 HTTPie C4 Combined,test-execution,270.521,80.26,,3.11
32655323785,httpie,C4,P01 HTTPie C4 Combined,dependency-installation,83.3923,18.67,,
32655323785,httpie,C4,P01 HTTPie C4 Combined,lint,68.7339,15.71,,
32655323367,httpie,C3,P01 HTTPie C3 Consolidated,checkout,5.51547,1.24,,
32655323367,httpie,C3,P01 HTTPie C3 Consolidated,dependency-installation,117.078,28.11,,
32655323367,httpie,C3,P01 HTTPie C3 Consolidated,coverage,394.614,108.57,,
32655323367,httpie,C3,P01 HTTPie C3 Consolidated,dist-test,83.2006,20.36,,
32655323367,httpie,C3,P01 HTTPie C3 Consolidated,checkout,4.39484,1.2,,3.10
32655323367,httpie,C3,P01 HTTPie C3 Consolidated,dependency-installation,111.766,27.38,,3.10
32655323367,httpie,C3,P01 HTTPie C3 Consolidated,test-execution,350.304,98.06,,3.10
32655323367,httpie,C3,P01 HTTPie C3 Consolidated,dependency-installation,107.959,26.64,,3.12
32655323367,httpie,C3,P01 HTTPie C3 Consolidated,test-execution,347.231,96.92,,3.12
32655323367,httpie,C3,P01 HTTPie C3 Consolidated,checkout,6.8462,1.54,,3.11
32655323367,httpie,C3,P01 HTTPie C3 Consolidated,dependency-installation,93.7815,22.77,,3.11
32655323367,httpie,C3,P01 HTTPie C3 Consolidated,test-execution,320.318,91.95,,3.11
32655323367,httpie,C3,P01 HTTPie C3 Consolidated,dependency-installation,62.5595,14.5,,
32655323367,httpie,C3,P01 HTTPie C3 Consolidated,lint,73.3653,17.9,,
32655168496,httpie,C1,P01 HTTPie C1 Code Style,dependency-installation,56.3295,13.58,,
32655168496,httpie,C1,P01 HTTPie C1 Code Style,lint,73.3983,18.04,,
32655159909,httpie,C2,P01 HTTPie C2 Code Style,checkout,5.56249,1.52,,
32655159909,httpie,C2,P01 HTTPie C2 Code Style,dependency-installation,55.8013,13.94,,
32655159909,httpie,C2,P01 HTTPie C2 Code Style,lint,69.8651,17.14,,
32655115010,httpie,C1,P01 HTTPie C1 Coverage,checkout,4.86124,1.07,,
32655115010,httpie,C1,P01 HTTPie C1 Coverage,dependency-installation,104.124,25.31,,
32655115010,httpie,C1,P01 HTTPie C1 Coverage,coverage,366.189,101.6,,
32655115010,httpie,C1,P01 HTTPie C1 Coverage,dist-test,78.0586,19.09,,
32655077221,gson,C4,P05 Gson C4 Combined,checkout,2.58422,1.05,,
32655077221,gson,C4,P05 Gson C4 Combined,test-execution,216.548,33.26,,
32655075495,gson,C1,P05 Gson C1 Tests,checkout,4.83668,1.09,,
32655075495,gson,C1,P05 Gson C1 Tests,test-execution,280.743,52.62,,
32655072664,resty,C4,P04 resty C4 Combined,checkout,5.0381,1.88,,
32655072664,resty,C4,P04 resty C4 Combined,dependency-installation,33.2622,8.63,,
32655072664,resty,C4,P04 resty C4 Combined,test-execution,178.179,81.15,,
32655070773,resty,C3,P04 resty C3 Consolidated,checkout,5.07031,1.38,,
32655070773,resty,C3,P04 resty C3 Consolidated,dependency-installation,35.8873,8.67,,
32655070773,resty,C3,P04 resty C3 Consolidated,test-execution,178.098,79.13,,
32655067998,resty,C2,P04 resty C2 Tests,checkout,3.19513,1.09,,
32655067998,resty,C2,P04 resty C2 Tests,dependency-installation,37.1035,9.01,,
32655067998,resty,C2,P04 resty C2 Tests,test-execution,183.052,79.79,,
32655065964,retrofit,C3,P03 Retrofit C3 Consolidated,checkout,2.92033,1.36,,
32655065964,retrofit,C3,P03 Retrofit C3 Consolidated,test-execution,539.155,104.78,,
32655063278,retrofit,C1,P03 Retrofit C1 Tests,checkout,4.51877,1.28,,
32655063278,retrofit,C1,P03 Retrofit C1 Tests,test-execution,483.394,93.8,,
32655061448,got,C4,P02 got C4 Combined,checkout,3.27745,1.39,,
32655061448,got,C4,P02 got C4 Combined,dependency-installation,172.174,39.83,,
32655061448,got,C4,P02 got C4 Combined,test-execution,281.113,57.38,,
32655061448,got,C4,P02 got C4 Combined,dependency-installation,162.945,35.89,,
32655061448,got,C4,P02 got C4 Combined,test-execution,294.529,60.59,,
32655060539,got,C3,P02 got C3 Consolidated,checkout,5.33212,1.16,,
32655060539,got,C3,P02 got C3 Consolidated,dependency-installation,173.517,39.01,,
32655060539,got,C3,P02 got C3 Consolidated,test-execution,315.594,64.83,,
32655060539,got,C3,P02 got C3 Consolidated,dependency-installation,152.194,33.08,,
32655060539,got,C3,P02 got C3 Consolidated,test-execution,369.966,71.13,,
32655057083,got,C2,P02 got C2 Tests,dependency-installation,157.068,32.67,,
32655057083,got,C2,P02 got C2 Tests,test-execution,335.226,68.4,,
32655057083,got,C2,P02 got C2 Tests,checkout,3.88894,1.11,,
32655057083,got,C2,P02 got C2 Tests,dependency-installation,139.144,28.14,,
32655057083,got,C2,P02 got C2 Tests,test-execution,302.133,61.02,,
32655056267,got,C1,P02 got C1 Tests,checkout,5.66134,1.26,,
32655056267,got,C1,P02 got C1 Tests,dependency-installation,182.144,42.11,,
32655056267,got,C1,P02 got C1 Tests,checkout,3.46555,1.09,,
32655056267,got,C1,P02 got C1 Tests,dependency-installation,138.243,30.69,,
32655056267,got,C1,P02 got C1 Tests,test-execution,304.671,61.51,,
32655055418,httpie,C2,P01 HTTPie C2 Coverage,checkout,7.92678,1.78,,
32655055418,httpie,C2,P01 HTTPie C2 Coverage,dependency-installation,86.561,21.0,,
32655055418,httpie,C2,P01 HTTPie C2 Coverage,coverage,367.872,102.07,,
32655055418,httpie,C2,P01 HTTPie C2 Coverage,dist-test,81.4882,20.0,,
32655053629,httpie,C4,P01 HTTPie C4 Combined,checkout,5.33171,1.31,,
32655053629,httpie,C4,P01 HTTPie C4 Combined,dependency-installation,96.6408,23.46,,
32655053629,httpie,C4,P01 HTTPie C4 Combined,coverage,372.175,103.18,,
32655053629,httpie,C4,P01 HTTPie C4 Combined,dist-test,77.8292,19.04,,
32655053629,httpie,C4,P01 HTTPie C4 Combined,checkout,6.50323,1.48,,3.12
32655053629,httpie,C4,P01 HTTPie C4 Combined,dependency-installation,73.1878,17.95,,3.12
32655053629,httpie,C4,P01 HTTPie C4 Combined,test-execution,336.66,94.99,,3.12
32655053629,httpie,C4,P01 HTTPie C4 Combined,dependency-installation,83.9536,20.16,,3.10
32655053629,httpie,C4,P01 HTTPie C4 Combined,test-execution,330.443,93.42,,3.10
32655053629,httpie,C4,P01 HTTPie C4 Combined,checkout,4.91534,1.41,,3.11
32655053629,httpie,C4,P01 HTTPie C4 Combined,dependency-installation,83.1762,20.75,,3.11
32655053629,httpie,C4,P01 HTTPie C4 Combined,test-execution,265.559,78.55,,3.11
32655053629,httpie,C4,P01 HTTPie C4 Combined,checkout,6.55274,1.49,,
32655053629,httpie,C4,P01 HTTPie C4 Combined,dependency-installation,63.5976,14.09,,
32655053629,httpie,C4,P01 HTTPie C4 Combined,lint,53.498,12.96,,
32655051853,httpie,C3,P01 HTTPie C3 Consolidated,dependency-installation,104.314,25.75,,
32655051853,httpie,C3,P01 HTTPie C3 Consolidated,coverage,383.497,106.82,,
32655051853,httpie,C3,P01 HTTPie C3 Consolidated,dist-test,80.0527,19.71,,
32655051853,httpie,C3,P01 HTTPie C3 Consolidated,checkout,4.26407,1.6,,3.11
32655051853,httpie,C3,P01 HTTPie C3 Consolidated,dependency-installation,84.7011,21.17,,3.11
32655051853,httpie,C3,P01 HTTPie C3 Consolidated,test-execution,324.456,92.82,,3.11
32655051853,httpie,C3,P01 HTTPie C3 Consolidated,checkout,3.59469,1.19,,3.12
32655051853,httpie,C3,P01 HTTPie C3 Consolidated,dependency-installation,93.8886,23.11,,3.12
32655051853,httpie,C3,P01 HTTPie C3 Consolidated,test-execution,357.191,99.57,,3.12
32655051853,httpie,C3,P01 HTTPie C3 Consolidated,checkout,5.34888,1.19,,3.10
32655051853,httpie,C3,P01 HTTPie C3 Consolidated,dependency-installation,116.639,28.66,,3.10
32655051853,httpie,C3,P01 HTTPie C3 Consolidated,test-execution,342.088,96.29,,3.10
32655051853,httpie,C3,P01 HTTPie C3 Consolidated,checkout,5.03055,1.46,,
32655051853,httpie,C3,P01 HTTPie C3 Consolidated,dependency-installation,49.1903,12.17,,
32655051853,httpie,C3,P01 HTTPie C3 Consolidated,lint,78.5637,19.45,,
32654897709,httpie,C1,P01 HTTPie C1 Code Style,dependency-installation,53.1331,12.66,,
32654897709,httpie,C1,P01 HTTPie C1 Code Style,lint,74.73,18.47,,
32654886119,httpie,C2,P01 HTTPie C2 Code Style,dependency-installation,62.1905,14.93,,
32654886119,httpie,C2,P01 HTTPie C2 Code Style,lint,70.7479,17.36,,
32654842467,httpie,C1,P01 HTTPie C1 Coverage,checkout,9.95273,2.43,,
32654842467,httpie,C1,P01 HTTPie C1 Coverage,dependency-installation,142.496,34.75,,
32654842467,httpie,C1,P01 HTTPie C1 Coverage,coverage,319.788,85.0,,
32654842467,httpie,C1,P01 HTTPie C1 Coverage,dist-test,55.0563,13.64,,
32654800767,gson,C4,P05 Gson C4 Combined,checkout,3.95088,1.06,,
32654800767,gson,C4,P05 Gson C4 Combined,test-execution,179.509,29.28,,
32654799327,gson,C1,P05 Gson C1 Tests,checkout,5.82082,1.67,,
32654799327,gson,C1,P05 Gson C1 Tests,test-execution,254.724,52.14,,
32654796193,resty,C4,P04 resty C4 Combined,checkout,7.10657,1.94,,
32654796193,resty,C4,P04 resty C4 Combined,dependency-installation,37.9682,9.22,,
32654796193,resty,C4,P04 resty C4 Combined,test-execution,181.396,80.49,,
32654794890,resty,C3,P04 resty C3 Consolidated,checkout,13.2066,3.04,,
32654794890,resty,C3,P04 resty C3 Consolidated,dependency-installation,45.4096,11.5,,
32654794890,resty,C3,P04 resty C3 Consolidated,test-execution,192.857,79.35,,
32654793323,resty,C2,P04 resty C2 Tests,dependency-installation,40.8772,9.49,,
32654793323,resty,C2,P04 resty C2 Tests,test-execution,183.948,80.33,,
32654790769,retrofit,C3,P03 Retrofit C3 Consolidated,checkout,6.40583,1.42,,
32654790769,retrofit,C3,P03 Retrofit C3 Consolidated,test-execution,511.671,95.98,,
32654789095,retrofit,C1,P03 Retrofit C1 Tests,checkout,4.73238,1.29,,
32654789095,retrofit,C1,P03 Retrofit C1 Tests,test-execution,507.086,91.42,,
32654787930,got,C4,P02 got C4 Combined,checkout,4.65739,1.74,,
32654787930,got,C4,P02 got C4 Combined,dependency-installation,170.917,35.96,,
32654787930,got,C4,P02 got C4 Combined,test-execution,379.553,73.03,,
32654787930,got,C4,P02 got C4 Combined,dependency-installation,133.115,27.68,,
32654787930,got,C4,P02 got C4 Combined,test-execution,317.762,64.88,,
32654786990,got,C3,P02 got C3 Consolidated,checkout,5.86153,1.35,,
32654786990,got,C3,P02 got C3 Consolidated,dependency-installation,153.957,34.32,,
32654786990,got,C3,P02 got C3 Consolidated,test-execution,342.527,68.92,,
32654786990,got,C3,P02 got C3 Consolidated,dependency-installation,163.864,36.32,,
32654786990,got,C3,P02 got C3 Consolidated,test-execution,309.626,61.11,,
32654783950,got,C2,P02 got C2 Tests,dependency-installation,187.309,38.07,,
32654783950,got,C2,P02 got C2 Tests,test-execution,382.203,73.13,,
32654783950,got,C2,P02 got C2 Tests,dependency-installation,147.176,31.91,,
32654783950,got,C2,P02 got C2 Tests,test-execution,322.588,65.66,,
32654783444,got,C1,P02 got C1 Tests,checkout,5.0344,1.15,,
32654783444,got,C1,P02 got C1 Tests,dependency-installation,156.171,32.96,,
32654783444,got,C1,P02 got C1 Tests,test-execution,378.137,72.88,,
32654783444,got,C1,P02 got C1 Tests,checkout,4.18129,1.19,,
32654783444,got,C1,P02 got C1 Tests,dependency-installation,145.195,32.46,,
32654783444,got,C1,P02 got C1 Tests,test-execution,322.23,66.19,,
32654782676,httpie,C2,P01 HTTPie C2 Coverage,checkout,4.51704,1.29,,
32654782676,httpie,C2,P01 HTTPie C2 Coverage,dependency-installation,84.0978,20.94,,
32654782676,httpie,C2,P01 HTTPie C2 Coverage,coverage,380.034,105.09,,
32654782676,httpie,C2,P01 HTTPie C2 Coverage,dist-test,78.1982,19.2,,
32654781799,httpie,C4,P01 HTTPie C4 Combined,checkout,7.01386,1.59,,
32654781799,httpie,C4,P01 HTTPie C4 Combined,dependency-installation,94.5038,21.64,,
32654781799,httpie,C4,P01 HTTPie C4 Combined,coverage,372.643,94.88,,
32654781799,httpie,C4,P01 HTTPie C4 Combined,dist-test,67.1989,16.49,,
32654781799,httpie,C4,P01 HTTPie C4 Combined,checkout,6.03906,1.35,,3.12
32654781799,httpie,C4,P01 HTTPie C4 Combined,dependency-installation,82.7336,19.86,,3.12
32654781799,httpie,C4,P01 HTTPie C4 Combined,test-execution,357.759,100.36,,3.12
32654781799,httpie,C4,P01 HTTPie C4 Combined,dependency-installation,72.9669,17.51,,3.11
32654781799,httpie,C4,P01 HTTPie C4 Combined,test-execution,331.152,92.3,,3.11
32654781799,httpie,C4,P01 HTTPie C4 Combined,checkout,12.6312,2.61,,3.10
32654781799,httpie,C4,P01 HTTPie C4 Combined,dependency-installation,78.8107,18.17,,3.10
32654781799,httpie,C4,P01 HTTPie C4 Combined,test-execution,324.946,83.89,,3.10
32654781799,httpie,C4,P01 HTTPie C4 Combined,checkout,2.90004,1.14,,
32654781799,httpie,C4,P01 HTTPie C4 Combined,dependency-installation,44.4757,11.2,,
32654781799,httpie,C4,P01 HTTPie C4 Combined,lint,62.0684,15.66,,
32654780025,httpie,C3,P01 HTTPie C3 Consolidated,checkout,5.3423,1.41,,
32654780025,httpie,C3,P01 HTTPie C3 Consolidated,dependency-installation,80.5442,19.69,,
32654780025,httpie,C3,P01 HTTPie C3 Consolidated,coverage,328.927,89.12,,
32654780025,httpie,C3,P01 HTTPie C3 Consolidated,dist-test,62.4965,15.38,,
32654780025,httpie,C3,P01 HTTPie C3 Consolidated,checkout,4.78954,1.65,,3.12
32654780025,httpie,C3,P01 HTTPie C3 Consolidated,dependency-installation,117.026,29.27,,3.12
32654780025,httpie,C3,P01 HTTPie C3 Consolidated,test-execution,314.54,90.39,,3.12
32654780025,httpie,C3,P01 HTTPie C3 Consolidated,checkout,2.61879,1.23,,3.11
32654780025,httpie,C3,P01 HTTPie C3 Consolidated,dependency-installation,86.2165,21.48,,3.11
32654780025,httpie,C3,P01 HTTPie C3 Consolidated,test-execution,322.276,92.0,,3.11
32654780025,httpie,C3,P01 HTTPie C3 Consolidated,dependency-installation,108.445,25.43,,3.10
32654780025,httpie,C3,P01 HTTPie C3 Consolidated,test-execution,297.934,83.22,,3.10
32654780025,httpie,C3,P01 HTTPie C3 Consolidated,checkout,4.04223,1.45,,
32654780025,httpie,C3,P01 HTTPie C3 Consolidated,dependency-installation,48.4503,12.13,,
32654780025,httpie,C3,P01 HTTPie C3 Consolidated,lint,67.315,16.88,,
32654712375,gson,C2,P05 Gson C2 Tests,test-execution,242.379,38.1,,
32654707109,resty,C1,P04 resty C1 Tests,checkout,7.14692,1.97,,
32654707109,resty,C1,P04 resty C1 Tests,dependency-installation,47.4931,10.85,,
32654707109,resty,C1,P04 resty C1 Tests,test-execution,179.523,79.02,,
32654624238,httpie,C1,P01 HTTPie C1 Code Style,checkout,4.08934,1.53,,
32654624238,httpie,C1,P01 HTTPie C1 Code Style,dependency-installation,41.6052,10.52,,
32654624238,httpie,C1,P01 HTTPie C1 Code Style,lint,66.1331,16.24,,
32654614994,httpie,C2,P01 HTTPie C2 Code Style,checkout,4.65358,1.07,,
32654614994,httpie,C2,P01 HTTPie C2 Code Style,dependency-installation,44.9238,10.34,,
32654614994,httpie,C2,P01 HTTPie C2 Code Style,lint,78.0969,17.72,,
32654569134,httpie,C1,P01 HTTPie C1 Coverage,checkout,4.77158,1.29,,
32654569134,httpie,C1,P01 HTTPie C1 Coverage,dependency-installation,101.703,24.88,,
32654569134,httpie,C1,P01 HTTPie C1 Coverage,coverage,364.202,100.92,,
32654569134,httpie,C1,P01 HTTPie C1 Coverage,dist-test,76.7307,18.81,,
32654534363,gson,C4,P05 Gson C4 Combined,checkout,3.53501,1.04,,
32654534363,gson,C4,P05 Gson C4 Combined,test-execution,178.675,29.14,,
32654532239,gson,C1,P05 Gson C1 Tests,checkout,4.36258,1.18,,
32654532239,gson,C1,P05 Gson C1 Tests,test-execution,274.575,50.99,,
32654529891,resty,C4,P04 resty C4 Combined,checkout,6.97068,1.61,,
32654529891,resty,C4,P04 resty C4 Combined,dependency-installation,46.105,11.9,,
32654529891,resty,C4,P04 resty C4 Combined,test-execution,186.444,80.28,,
32654528381,resty,C3,P04 resty C3 Consolidated,checkout,6.15521,1.42,,
32654528381,resty,C3,P04 resty C3 Consolidated,dependency-installation,47.2114,12.29,,
32654528381,resty,C3,P04 resty C3 Consolidated,test-execution,181.166,80.29,,
32654525830,resty,C2,P04 resty C2 Tests,checkout,9.20637,1.98,,
32654525830,resty,C2,P04 resty C2 Tests,dependency-installation,36.844,8.67,,
32654525830,resty,C2,P04 resty C2 Tests,test-execution,183.791,80.07,,
32654523303,retrofit,C3,P03 Retrofit C3 Consolidated,test-execution,503.193,89.82,,
32654521330,retrofit,C1,P03 Retrofit C1 Tests,checkout,4.35991,1.25,,
32654521330,retrofit,C1,P03 Retrofit C1 Tests,test-execution,510.703,92.21,,
32654519332,got,C4,P02 got C4 Combined,checkout,3.68224,1.28,,
32654519332,got,C4,P02 got C4 Combined,dependency-installation,178.393,40.48,,
32654519332,got,C4,P02 got C4 Combined,test-execution,373.905,71.96,,
32654519332,got,C4,P02 got C4 Combined,dependency-installation,128.394,27.74,,
32654519332,got,C4,P02 got C4 Combined,test-execution,259.475,55.7,,
32654517521,got,C3,P02 got C3 Consolidated,checkout,3.77812,1.11,,
32654517521,got,C3,P02 got C3 Consolidated,dependency-installation,193.746,41.93,,
32654517521,got,C3,P02 got C3 Consolidated,test-execution,382.574,72.1,,
32654517521,got,C3,P02 got C3 Consolidated,checkout,2.66701,1.13,,
32654517521,got,C3,P02 got C3 Consolidated,dependency-installation,161.498,36.58,,
32654517521,got,C3,P02 got C3 Consolidated,test-execution,326.226,66.53,,
32654514984,got,C2,P02 got C2 Tests,checkout,4.23953,1.16,,
32654514984,got,C2,P02 got C2 Tests,dependency-installation,180.509,41.72,,
32654514984,got,C2,P02 got C2 Tests,test-execution,371.954,70.69,,
32654514984,got,C2,P02 got C2 Tests,checkout,3.34504,1.09,,
32654514984,got,C2,P02 got C2 Tests,dependency-installation,162.038,34.17,,
32654514984,got,C2,P02 got C2 Tests,test-execution,324.682,66.49,,
32654512604,httpie,C2,P01 HTTPie C2 Coverage,dependency-installation,93.9073,22.5,,
32654512604,httpie,C2,P01 HTTPie C2 Coverage,coverage,372.283,102.74,,
32654512604,httpie,C2,P01 HTTPie C2 Coverage,dist-test,78.9174,19.34,,
32654513211,got,C1,P02 got C1 Tests,checkout,4.88971,1.12,,
32654513211,got,C1,P02 got C1 Tests,dependency-installation,182.193,38.81,,
32654513211,got,C1,P02 got C1 Tests,test-execution,379.464,72.71,,
32654513211,got,C1,P02 got C1 Tests,checkout,6.25383,1.41,,
32654513211,got,C1,P02 got C1 Tests,dependency-installation,172.403,39.44,,
32654513211,got,C1,P02 got C1 Tests,test-execution,321.296,65.85,,
32654511237,httpie,C4,P01 HTTPie C4 Combined,checkout,7.57888,1.71,,
32654511237,httpie,C4,P01 HTTPie C4 Combined,dependency-installation,84.7371,20.65,,
32654511237,httpie,C4,P01 HTTPie C4 Combined,coverage,361.597,100.69,,
32654511237,httpie,C4,P01 HTTPie C4 Combined,dist-test,79.842,19.7,,
32654511237,httpie,C4,P01 HTTPie C4 Combined,checkout,2.6452,1.11,,3.10
32654511237,httpie,C4,P01 HTTPie C4 Combined,dependency-installation,88.2467,22.38,,3.10
32654511237,httpie,C4,P01 HTTPie C4 Combined,test-execution,348.644,98.07,,3.10
32654511237,httpie,C4,P01 HTTPie C4 Combined,checkout,6.59817,1.51,,3.12
32654511237,httpie,C4,P01 HTTPie C4 Combined,dependency-installation,81.8243,19.73,,3.12
32654511237,httpie,C4,P01 HTTPie C4 Combined,test-execution,343.079,97.27,,3.12
32654511237,httpie,C4,P01 HTTPie C4 Combined,dependency-installation,72.3429,17.66,,3.11
32654511237,httpie,C4,P01 HTTPie C4 Combined,test-execution,324.878,92.39,,3.11
32654511237,httpie,C4,P01 HTTPie C4 Combined,checkout,4.08154,1.17,,
32654511237,httpie,C4,P01 HTTPie C4 Combined,dependency-installation,54.7961,13.62,,
32654511237,httpie,C4,P01 HTTPie C4 Combined,lint,69.0308,16.94,,
32654509077,httpie,C3,P01 HTTPie C3 Consolidated,checkout,3.74179,1.09,,
32654509077,httpie,C3,P01 HTTPie C3 Consolidated,dependency-installation,98.4427,24.12,,
32654509077,httpie,C3,P01 HTTPie C3 Consolidated,coverage,380.376,105.42,,
32654509077,httpie,C3,P01 HTTPie C3 Consolidated,dist-test,82.3313,20.25,,
32654509077,httpie,C3,P01 HTTPie C3 Consolidated,checkout,3.79436,1.12,,3.10
32654509077,httpie,C3,P01 HTTPie C3 Consolidated,dependency-installation,98.3681,24.44,,3.10
32654509077,httpie,C3,P01 HTTPie C3 Consolidated,test-execution,346.538,97.41,,3.10
32654509077,httpie,C3,P01 HTTPie C3 Consolidated,checkout,5.34485,1.24,,3.11
32654509077,httpie,C3,P01 HTTPie C3 Consolidated,dependency-installation,96.0045,23.07,,3.11
32654509077,httpie,C3,P01 HTTPie C3 Consolidated,test-execution,319.96,91.52,,3.11
32654509077,httpie,C3,P01 HTTPie C3 Consolidated,checkout,6.21473,1.42,,3.12
32654509077,httpie,C3,P01 HTTPie C3 Consolidated,dependency-installation,101.39,23.38,,3.12
32654509077,httpie,C3,P01 HTTPie C3 Consolidated,test-execution,326.835,88.67,,3.12
32654509077,httpie,C3,P01 HTTPie C3 Consolidated,checkout,5.76306,1.31,,
32654509077,httpie,C3,P01 HTTPie C3 Consolidated,dependency-installation,78.3165,17.44,,
32654509077,httpie,C3,P01 HTTPie C3 Consolidated,lint,68.7626,16.06,,
32654444561,gson,C2,P05 Gson C2 Tests,test-execution,213.294,33.51,,
32654439150,resty,C1,P04 resty C1 Tests,checkout,6.48023,1.74,,
32654439150,resty,C1,P04 resty C1 Tests,dependency-installation,40.9341,9.89,,
32654439150,resty,C1,P04 resty C1 Tests,test-execution,185.325,80.73,,
32654349886,httpie,C2,P01 HTTPie C2 Code Style,checkout,6.51187,1.47,,
32654349886,httpie,C2,P01 HTTPie C2 Code Style,dependency-installation,66.3999,16.22,,
32654349886,httpie,C2,P01 HTTPie C2 Code Style,lint,70.351,17.23,,
32654264844,gson,C4,P05 Gson C4 Combined,checkout,3.40653,1.45,,
32654264844,gson,C4,P05 Gson C4 Combined,test-execution,227.938,35.03,,
32654262704,gson,C1,P05 Gson C1 Tests,checkout,2.73247,1.11,,
32654262704,gson,C1,P05 Gson C1 Tests,test-execution,273.826,48.96,,
32654260354,resty,C4,P04 resty C4 Combined,checkout,4.09875,1.13,,
32654260354,resty,C4,P04 resty C4 Combined,dependency-installation,37.4696,8.97,,
32654260354,resty,C4,P04 resty C4 Combined,test-execution,179.424,79.77,,
32654258450,resty,C3,P04 resty C3 Consolidated,checkout,7.71819,1.74,,
32654258450,resty,C3,P04 resty C3 Consolidated,dependency-installation,42.7911,9.6,,
32654258450,resty,C3,P04 resty C3 Consolidated,test-execution,249.188,79.49,,
32654256888,resty,C2,P04 resty C2 Tests,checkout,10.0618,2.38,,
32654256888,resty,C2,P04 resty C2 Tests,dependency-installation,45.8865,11.86,,
32654256888,resty,C2,P04 resty C2 Tests,test-execution,184.586,80.37,,
32654255049,retrofit,C3,P03 Retrofit C3 Consolidated,checkout,6.62114,1.87,,
32654255049,retrofit,C3,P03 Retrofit C3 Consolidated,test-execution,454.32,89.41,,
32654253305,retrofit,C1,P03 Retrofit C1 Tests,checkout,8.90339,1.94,,
32654253305,retrofit,C1,P03 Retrofit C1 Tests,test-execution,504.148,90.66,,
32654251766,got,C4,P02 got C4 Combined,checkout,3.70746,1.06,,
32654251766,got,C4,P02 got C4 Combined,dependency-installation,150.875,33.21,,
32654251766,got,C4,P02 got C4 Combined,test-execution,327.291,66.82,,
32654251766,got,C4,P02 got C4 Combined,dependency-installation,146.132,31.16,,
32654251766,got,C4,P02 got C4 Combined,test-execution,378.885,72.52,,
32654250254,got,C3,P02 got C3 Consolidated,checkout,3.60761,1.45,,
32654250254,got,C3,P02 got C3 Consolidated,dependency-installation,166.021,35.92,,
32654250254,got,C3,P02 got C3 Consolidated,test-execution,381.248,73.46,,
32654250254,got,C3,P02 got C3 Consolidated,checkout,9.50975,2.17,,
32654250254,got,C3,P02 got C3 Consolidated,dependency-installation,172.836,37.82,,
32654250254,got,C3,P02 got C3 Consolidated,test-execution,324.9,65.92,,
32654248799,got,C2,P02 got C2 Tests,dependency-installation,138.269,30.04,,
32654248799,got,C2,P02 got C2 Tests,test-execution,313.806,64.81,,
32654248799,got,C2,P02 got C2 Tests,checkout,6.14242,1.65,,
32654248799,got,C2,P02 got C2 Tests,dependency-installation,136.208,32.16,,
32654248799,got,C2,P02 got C2 Tests,test-execution,280.377,57.7,,
32654247522,got,C1,P02 got C1 Tests,checkout,7.68473,1.63,,
32654247522,got,C1,P02 got C1 Tests,dependency-installation,184.308,41.48,,
32654247522,got,C1,P02 got C1 Tests,test-execution,332.516,66.52,,
32654247522,got,C1,P02 got C1 Tests,dependency-installation,163.39,34.77,,
32654247522,got,C1,P02 got C1 Tests,test-execution,375.805,72.52,,
32654246836,httpie,C2,P01 HTTPie C2 Coverage,dependency-installation,55.6626,13.86,,
32654246836,httpie,C2,P01 HTTPie C2 Coverage,coverage,262.059,78.23,,
32654246836,httpie,C2,P01 HTTPie C2 Coverage,dist-test,49.6998,12.29,,
32654245928,httpie,C4,P01 HTTPie C4 Combined,checkout,5.36053,1.49,,
32654245928,httpie,C4,P01 HTTPie C4 Combined,dependency-installation,96.6742,24.02,,
32654245928,httpie,C4,P01 HTTPie C4 Combined,coverage,393.771,108.65,,
32654245928,httpie,C4,P01 HTTPie C4 Combined,dist-test,83.678,20.55,,
32654245928,httpie,C4,P01 HTTPie C4 Combined,checkout,7.35576,1.78,,3.11
32654245928,httpie,C4,P01 HTTPie C4 Combined,dependency-installation,96.1337,23.39,,3.11
32654245928,httpie,C4,P01 HTTPie C4 Combined,test-execution,323.758,92.58,,3.11
32654245928,httpie,C4,P01 HTTPie C4 Combined,checkout,3.30356,1.14,,3.12
32654245928,httpie,C4,P01 HTTPie C4 Combined,dependency-installation,84.07,20.88,,3.12
32654245928,httpie,C4,P01 HTTPie C4 Combined,test-execution,335.695,94.68,,3.12
32654245928,httpie,C4,P01 HTTPie C4 Combined,checkout,2.28069,1.06,,3.10
32654245928,httpie,C4,P01 HTTPie C4 Combined,dependency-installation,78.6898,19.87,,3.10
32654245928,httpie,C4,P01 HTTPie C4 Combined,test-execution,306.959,88.53,,3.10
32654245928,httpie,C4,P01 HTTPie C4 Combined,checkout,5.18957,1.47,,
32654245928,httpie,C4,P01 HTTPie C4 Combined,dependency-installation,56.9347,14.21,,
32654245928,httpie,C4,P01 HTTPie C4 Combined,lint,78.8824,19.55,,
32654244564,httpie,C3,P01 HTTPie C3 Consolidated,checkout,2.86954,1.15,,
32654244564,httpie,C3,P01 HTTPie C3 Consolidated,dependency-installation,103.826,25.73,,
32654244564,httpie,C3,P01 HTTPie C3 Consolidated,coverage,384.99,106.73,,
32654244564,httpie,C3,P01 HTTPie C3 Consolidated,dist-test,79.3149,19.53,,
32654244564,httpie,C3,P01 HTTPie C3 Consolidated,checkout,6.97068,1.55,,3.10
32654244564,httpie,C3,P01 HTTPie C3 Consolidated,dependency-installation,106.844,25.79,,3.10
32654244564,httpie,C3,P01 HTTPie C3 Consolidated,test-execution,331.59,93.67,,3.10
32654244564,httpie,C3,P01 HTTPie C3 Consolidated,dependency-installation,91.3571,22.1,,3.12
32654244564,httpie,C3,P01 HTTPie C3 Consolidated,test-execution,337.047,94.67,,3.12
32654244564,httpie,C3,P01 HTTPie C3 Consolidated,checkout,9.67431,1.99,,3.11
32654244564,httpie,C3,P01 HTTPie C3 Consolidated,dependency-installation,100.881,23.74,,3.11
32654244564,httpie,C3,P01 HTTPie C3 Consolidated,test-execution,310.345,82.63,,3.11
32654244564,httpie,C3,P01 HTTPie C3 Consolidated,checkout,9.19098,1.97,,
32654244564,httpie,C3,P01 HTTPie C3 Consolidated,dependency-installation,57.2894,13.65,,
32654244564,httpie,C3,P01 HTTPie C3 Consolidated,lint,79.4195,19.6,,
32654242656,httpie,C1,P01 HTTPie C1 Coverage,checkout,4.19509,1.54,,
32654242656,httpie,C1,P01 HTTPie C1 Coverage,dependency-installation,116.13,29.53,,
32654242656,httpie,C1,P01 HTTPie C1 Coverage,coverage,390.009,107.71,,
32654242656,httpie,C1,P01 HTTPie C1 Coverage,dist-test,86.3275,21.43,,
32654241041,httpie,C1,P01 HTTPie C1 Code Style,checkout,5.32442,1.24,,
32654241041,httpie,C1,P01 HTTPie C1 Code Style,dependency-installation,50.7938,12.05,,
32654241041,httpie,C1,P01 HTTPie C1 Code Style,lint,73.8032,18.09,,
32654178575,gson,C2,P05 Gson C2 Tests,checkout,8.02991,1.83,,
32654178575,gson,C2,P05 Gson C2 Tests,test-execution,242.528,38.71,,
32654174541,resty,C1,P04 resty C1 Tests,checkout,4.1215,1.17,,
32654174541,resty,C1,P04 resty C1 Tests,dependency-installation,37.4938,9.78,,
32654174541,resty,C1,P04 resty C1 Tests,test-execution,182.264,80.75,,
32654082031,httpie,C2,P01 HTTPie C2 Code Style,checkout,3.96789,1.08,,
32654082031,httpie,C2,P01 HTTPie C2 Code Style,dependency-installation,50.6081,12.37,,
32654082031,httpie,C2,P01 HTTPie C2 Code Style,lint,68.4427,16.81,,
32653978388,httpie,C2,P01 HTTPie C2 Coverage,dependency-installation,81.5725,19.94,,
32653978388,httpie,C2,P01 HTTPie C2 Coverage,coverage,364.377,100.94,,
32653978388,httpie,C2,P01 HTTPie C2 Coverage,dist-test,78.1018,19.23,,
32653911543,gson,C2,P05 Gson C2 Tests,test-execution,210.602,32.77,,
32653904847,resty,C1,P04 resty C1 Tests,checkout,4.23401,1.37,,
32653904847,resty,C1,P04 resty C1 Tests,dependency-installation,75.2975,24.19,,
32653904847,resty,C1,P04 resty C1 Tests,test-execution,185.222,80.98,,
32653813471,httpie,C2,P01 HTTPie C2 Code Style,checkout,3.38422,1.17,,
32653813471,httpie,C2,P01 HTTPie C2 Code Style,dependency-installation,51.5439,12.71,,
32653813471,httpie,C2,P01 HTTPie C2 Code Style,lint,71.5363,17.54,,
32653712537,httpie,C2,P01 HTTPie C2 Coverage,checkout,3.27782,1.1,,
32653712537,httpie,C2,P01 HTTPie C2 Coverage,dependency-installation,80.5672,20.18,,
32653712537,httpie,C2,P01 HTTPie C2 Coverage,coverage,381.601,105.51,,
32653712537,httpie,C2,P01 HTTPie C2 Coverage,dist-test,80.4636,19.91,,
32653645458,gson,C2,P05 Gson C2 Tests,test-execution,224.057,34.75,,
32653639491,resty,C1,P04 resty C1 Tests,checkout,6.90977,1.87,,
32653639491,resty,C1,P04 resty C1 Tests,dependency-installation,39.2187,9.56,,
32653639491,resty,C1,P04 resty C1 Tests,test-execution,181.273,80.15,,
32653552052,httpie,C2,P01 HTTPie C2 Code Style,checkout,7.27755,1.67,,
32653552052,httpie,C2,P01 HTTPie C2 Code Style,dependency-installation,59.4974,13.37,,
32653552052,httpie,C2,P01 HTTPie C2 Code Style,lint,74.8605,17.32,,
32653441603,httpie,C2,P01 HTTPie C2 Coverage,dependency-installation,90.4755,22.53,,
32653441603,httpie,C2,P01 HTTPie C2 Coverage,coverage,369.76,103.01,,
32653441603,httpie,C2,P01 HTTPie C2 Coverage,dist-test,76.8989,19.11,,
32653374042,gson,C2,P05 Gson C2 Tests,checkout,4.52168,1.3,,
32653374042,gson,C2,P05 Gson C2 Tests,test-execution,199.295,32.2,,
32653368550,resty,C1,P04 resty C1 Tests,checkout,4.70752,1.34,,
32653368550,resty,C1,P04 resty C1 Tests,dependency-installation,45.2749,11.59,,
32653368550,resty,C1,P04 resty C1 Tests,test-execution,179.475,79.48,,
32653278115,httpie,C2,P01 HTTPie C2 Code Style,checkout,3.87349,1.11,,
32653278115,httpie,C2,P01 HTTPie C2 Code Style,dependency-installation,56.018,13.88,,
32653278115,httpie,C2,P01 HTTPie C2 Code Style,lint,71.1906,17.54,,
32653178946,httpie,C2,P01 HTTPie C2 Coverage,checkout,3.62383,1.2,,
32653178946,httpie,C2,P01 HTTPie C2 Coverage,dependency-installation,87.9943,21.93,,
32653178946,httpie,C2,P01 HTTPie C2 Coverage,coverage,374.415,104.01,,
32653178946,httpie,C2,P01 HTTPie C2 Coverage,dist-test,76.2702,18.77,,
32653115704,gson,C2,P05 Gson C2 Tests,test-execution,216.551,33.72,,
32653110141,resty,C1,P04 resty C1 Tests,checkout,6.20091,1.41,,
32653110141,resty,C1,P04 resty C1 Tests,dependency-installation,44.335,10.33,,
32653110141,resty,C1,P04 resty C1 Tests,test-execution,235.093,78.43,,
32653022956,httpie,C2,P01 HTTPie C2 Code Style,checkout,5.52657,1.27,,
32653022956,httpie,C2,P01 HTTPie C2 Code Style,dependency-installation,66.8848,16.0,,
32653022956,httpie,C2,P01 HTTPie C2 Code Style,lint,76.5793,18.74,,
32652138498,httpie,C2,P01 HTTPie C2 Coverage,dependency-installation,85.5235,20.85,,
32652138498,httpie,C2,P01 HTTPie C2 Coverage,coverage,369.706,102.69,,
32652138498,httpie,C2,P01 HTTPie C2 Coverage,dist-test,79.8272,19.65,,
32652138792,httpie,C2,P01 HTTPie C2 Code Style,checkout,4.18633,1.15,,
32652138792,httpie,C2,P01 HTTPie C2 Code Style,dependency-installation,50.9137,12.41,,
32652138792,httpie,C2,P01 HTTPie C2 Code Style,lint,68.506,16.84,,
32652073506,gson,C2,P05 Gson C2 Tests,checkout,6.38783,1.47,,
32652073506,gson,C2,P05 Gson C2 Tests,test-execution,174.931,27.46,,
32652070212,resty,C1,P04 resty C1 Tests,checkout,8.71665,1.99,,
32652070212,resty,C1,P04 resty C1 Tests,dependency-installation,45.339,10.67,,
32652070212,resty,C1,P04 resty C1 Tests,test-execution,231.669,80.46,,
32651402078,gson,C1,P05 Gson C1 Tests,checkout,5.28903,1.45,,
32651402078,gson,C1,P05 Gson C1 Tests,test-execution,305.434,55.07,,
32651401121,httpie,C1,P01 HTTPie C1 Coverage,checkout,4.20396,1.13,,
32651401121,httpie,C1,P01 HTTPie C1 Coverage,dependency-installation,108.73,26.56,,
32651401121,httpie,C1,P01 HTTPie C1 Coverage,coverage,390.403,107.83,,
32651401121,httpie,C1,P01 HTTPie C1 Coverage,dist-test,82.2724,20.17,,
32651400766,resty,C3,P04 resty C3 Consolidated,checkout,3.65654,1.83,,
32651400766,resty,C3,P04 resty C3 Consolidated,dependency-installation,34.9796,9.18,,
32651400766,resty,C3,P04 resty C3 Consolidated,test-execution,181.712,81.15,,
32651401029,resty,C4,P04 resty C4 Combined,checkout,5.42366,1.55,,
32651401029,resty,C4,P04 resty C4 Combined,dependency-installation,36.9346,9.69,,
32651401029,resty,C4,P04 resty C4 Combined,test-execution,177.697,78.46,,
32651400311,resty,C2,P04 resty C2 Tests,checkout,7.71549,1.72,,
32651400311,resty,C2,P04 resty C2 Tests,dependency-installation,50.3218,11.76,,
32651400311,resty,C2,P04 resty C2 Tests,test-execution,251.607,81.24,,
32651399406,httpie,C2,P01 HTTPie C2 Tests,checkout,5.26876,1.2,,3.10
32651399406,httpie,C2,P01 HTTPie C2 Tests,dependency-installation,101.519,24.41,,3.10
32651399406,httpie,C2,P01 HTTPie C2 Tests,test-execution,355.69,99.4,,3.10
32651399406,httpie,C2,P01 HTTPie C2 Tests,checkout,14.2408,2.94,,3.12
32651399406,httpie,C2,P01 HTTPie C2 Tests,dependency-installation,120.467,25.95,,3.12
32651399406,httpie,C2,P01 HTTPie C2 Tests,test-execution,354.267,91.44,,3.12
32651399406,httpie,C2,P01 HTTPie C2 Tests,checkout,4.10525,1.25,,3.11
32651399406,httpie,C2,P01 HTTPie C2 Tests,dependency-installation,78.6785,19.24,,3.11
32651399406,httpie,C2,P01 HTTPie C2 Tests,test-execution,319.469,90.89,,3.11
32651130742,gson,C4,P05 Gson C4 Combined,checkout,6.80389,1.8,,
32651130742,gson,C4,P05 Gson C4 Combined,test-execution,216.315,33.57,,
32651129107,httpie,C3,P01 HTTPie C3 Consolidated,dependency-installation,97.7521,23.56,,
32651129107,httpie,C3,P01 HTTPie C3 Consolidated,coverage,377.249,104.67,,
32651129107,httpie,C3,P01 HTTPie C3 Consolidated,dist-test,77.6968,19.01,,
32651129107,httpie,C3,P01 HTTPie C3 Consolidated,checkout,3.96291,1.13,,3.10
32651129107,httpie,C3,P01 HTTPie C3 Consolidated,dependency-installation,95.0632,23.35,,3.10
32651129107,httpie,C3,P01 HTTPie C3 Consolidated,test-execution,341.184,96.54,,3.10
32651129107,httpie,C3,P01 HTTPie C3 Consolidated,checkout,8.12557,2.15,,3.11
32651129107,httpie,C3,P01 HTTPie C3 Consolidated,dependency-installation,84.0027,20.67,,3.11
32651129107,httpie,C3,P01 HTTPie C3 Consolidated,test-execution,323.876,92.2,,3.11
32651129107,httpie,C3,P01 HTTPie C3 Consolidated,dependency-installation,91.6867,22.35,,3.12
32651129107,httpie,C3,P01 HTTPie C3 Consolidated,test-execution,336.634,94.76,,3.12
32651129107,httpie,C3,P01 HTTPie C3 Consolidated,checkout,7.3539,1.91,,
32651129107,httpie,C3,P01 HTTPie C3 Consolidated,dependency-installation,51.2127,12.37,,
32651129107,httpie,C3,P01 HTTPie C3 Consolidated,lint,71.8465,17.53,,
32651128732,gson,C3,P05 Gson C3 Consolidated,checkout,8.06213,1.92,,
32651128732,gson,C3,P05 Gson C3 Consolidated,test-execution,217.631,39.53,,
32651126617,gson,C2,P05 Gson C2 Tests,test-execution,207.045,32.26,,
32651125798,gson,C1,P05 Gson C1 Tests,checkout,3.24906,1.26,,
32651125798,gson,C1,P05 Gson C1 Tests,test-execution,258.535,44.91,,
32651124439,resty,C4,P04 resty C4 Combined,checkout,9.57667,2.11,,
32651124439,resty,C4,P04 resty C4 Combined,dependency-installation,52.7747,13.29,,
32651124439,resty,C4,P04 resty C4 Combined,test-execution,181.077,80.58,,
32651123367,resty,C2,P04 resty C2 Tests,checkout,5.28,1.44,,
32651123367,resty,C2,P04 resty C2 Tests,dependency-installation,36.1693,8.72,,
32651123367,resty,C2,P04 resty C2 Tests,test-execution,184.204,81.85,,
32651123433,resty,C3,P04 resty C3 Consolidated,checkout,5.32488,1.43,,
32651123433,resty,C3,P04 resty C3 Consolidated,dependency-installation,37.4055,8.9,,
32651123433,resty,C3,P04 resty C3 Consolidated,test-execution,187.424,81.24,,
32651121513,resty,C1,P04 resty C1 Tests,checkout,7.0844,1.57,,
32651121513,resty,C1,P04 resty C1 Tests,dependency-installation,41.7585,10.57,,
32651121513,resty,C1,P04 resty C1 Tests,test-execution,182.505,79.85,,
32651113382,retrofit,C1,P03 Retrofit C1 Tests,checkout,10.6287,2.29,,
32651113382,retrofit,C1,P03 Retrofit C1 Tests,test-execution,554.456,107.71,,
32651112262,got,C3,P02 got C3 Consolidated,dependency-installation,195.212,43.81,,
32651112262,got,C3,P02 got C3 Consolidated,test-execution,396.355,75.29,,
32651112262,got,C3,P02 got C3 Consolidated,checkout,7.01303,1.5,,
32651112262,got,C3,P02 got C3 Consolidated,dependency-installation,190.81,41.67,,
32651112262,got,C3,P02 got C3 Consolidated,test-execution,334.857,67.63,,
32651111406,got,C4,P02 got C4 Combined,checkout,4.51811,1.28,,
32651111406,got,C4,P02 got C4 Combined,dependency-installation,179.811,40.7,,
32651111406,got,C4,P02 got C4 Combined,test-execution,379.467,73.04,,
32651111406,got,C4,P02 got C4 Combined,checkout,4.37694,1.26,,
32651111406,got,C4,P02 got C4 Combined,dependency-installation,182.744,41.52,,
32651111406,got,C4,P02 got C4 Combined,test-execution,273.931,57.15,,
32651108510,got,C2,P02 got C2 Tests,dependency-installation,143.221,32.01,,
32651108510,got,C2,P02 got C2 Tests,test-execution,329.076,67.38,,
32651108510,got,C2,P02 got C2 Tests,checkout,3.2496,1.1,,
32651108510,got,C2,P02 got C2 Tests,dependency-installation,128.129,27.39,,
32651108510,got,C2,P02 got C2 Tests,test-execution,310.461,62.67,,
32651106175,got,C1,P02 got C1 Tests,checkout,2.5571,1.13,,
32651106175,got,C1,P02 got C1 Tests,dependency-installation,161.009,36.47,,
32651106175,got,C1,P02 got C1 Tests,test-execution,382.474,73.05,,
32651106175,got,C1,P02 got C1 Tests,dependency-installation,169.177,36.82,,
32651106175,got,C1,P02 got C1 Tests,test-execution,317.449,65.41,,
32651104140,httpie,C4,P01 HTTPie C4 Combined,dependency-installation,87.5634,21.33,,
32651104140,httpie,C4,P01 HTTPie C4 Combined,coverage,366.266,101.76,,
32651104140,httpie,C4,P01 HTTPie C4 Combined,dist-test,79.7892,19.7,,
32651104140,httpie,C4,P01 HTTPie C4 Combined,checkout,4.80458,1.07,,3.10
32651104140,httpie,C4,P01 HTTPie C4 Combined,dependency-installation,90.563,21.45,,3.10
32651104140,httpie,C4,P01 HTTPie C4 Combined,test-execution,364.226,101.35,,3.10
32651104140,httpie,C4,P01 HTTPie C4 Combined,checkout,8.45181,1.96,,3.11
32651104140,httpie,C4,P01 HTTPie C4 Combined,dependency-installation,94.4981,23.3,,3.11
32651104140,httpie,C4,P01 HTTPie C4 Combined,test-execution,324.083,92.36,,3.11
32651104140,httpie,C4,P01 HTTPie C4 Combined,checkout,6.68131,1.5,,3.12
32651104140,httpie,C4,P01 HTTPie C4 Combined,dependency-installation,79.901,19.31,,3.12
32651104140,httpie,C4,P01 HTTPie C4 Combined,test-execution,352.553,98.64,,3.12
32651104140,httpie,C4,P01 HTTPie C4 Combined,checkout,5.75123,1.3,,
32651104140,httpie,C4,P01 HTTPie C4 Combined,dependency-installation,49.976,12.25,,
32651104140,httpie,C4,P01 HTTPie C4 Combined,lint,68.8343,16.95,,
32651097121,httpie,C2,P01 HTTPie C2 Tests,checkout,3.82685,1.09,,3.11
32651097121,httpie,C2,P01 HTTPie C2 Tests,dependency-installation,74.7274,18.36,,3.11
32651097121,httpie,C2,P01 HTTPie C2 Tests,test-execution,343.991,96.58,,3.11
32651097121,httpie,C2,P01 HTTPie C2 Tests,checkout,7.96337,1.72,,3.10
32651097121,httpie,C2,P01 HTTPie C2 Tests,dependency-installation,82.1108,19.94,,3.10
32651097121,httpie,C2,P01 HTTPie C2 Tests,test-execution,341.883,90.89,,3.10
32651097121,httpie,C2,P01 HTTPie C2 Tests,dependency-installation,89.1188,21.1,,3.12
32651097121,httpie,C2,P01 HTTPie C2 Tests,test-execution,336.669,94.66,,3.12
32651097479,httpie,C1,P01 HTTPie C1 Coverage,checkout,4.35172,1.43,,
32651097479,httpie,C1,P01 HTTPie C1 Coverage,dependency-installation,113.439,28.74,,
32651097479,httpie,C1,P01 HTTPie C1 Coverage,coverage,377.766,104.93,,
32651097479,httpie,C1,P01 HTTPie C1 Coverage,dist-test,81.6926,20.3,,
32651092569,httpie,C1,P01 HTTPie C1 Tests,checkout,5.30895,1.17,,3.11
32651092569,httpie,C1,P01 HTTPie C1 Tests,dependency-installation,103.805,25.87,,3.11
32651092569,httpie,C1,P01 HTTPie C1 Tests,test-execution,330.075,93.34,,3.11
32651092569,httpie,C1,P01 HTTPie C1 Tests,checkout,6.12363,1.42,,3.12
32651092569,httpie,C1,P01 HTTPie C1 Tests,dependency-installation,147.243,34.57,,3.12
32651092569,httpie,C1,P01 HTTPie C1 Tests,test-execution,310.167,83.26,,3.12
32651092569,httpie,C1,P01 HTTPie C1 Tests,checkout,4.81585,1.09,,3.10
32651092569,httpie,C1,P01 HTTPie C1 Tests,dependency-installation,125.855,28.4,,3.10
32651092569,httpie,C1,P01 HTTPie C1 Tests,test-execution,309.011,82.76,,3.10
32651090630,httpie,C1,P01 HTTPie C1 Code Style,dependency-installation,55.7097,12.99,,
32651090630,httpie,C1,P01 HTTPie C1 Code Style,lint,74.9282,18.22,,
32651015606,httpie,C2,P01 HTTPie C2 Code Style,dependency-installation,57.3994,13.5,,
32651015606,httpie,C2,P01 HTTPie C2 Code Style,lint,70.1977,16.86,,
32651015273,httpie,C2,P01 HTTPie C2 Coverage,dependency-installation,84.1725,20.16,,
32651015273,httpie,C2,P01 HTTPie C2 Coverage,coverage,364.29,100.65,,
32651015273,httpie,C2,P01 HTTPie C2 Coverage,dist-test,77.3516,18.93,,
32650874940,gson,C4,P05 Gson C4 Combined,checkout,7.56538,1.6,,
32650874940,gson,C4,P05 Gson C4 Combined,test-execution,232.836,36.36,,
32650872591,gson,C3,P05 Gson C3 Consolidated,test-execution,218.224,37.9,,
32650872936,httpie,C3,P01 HTTPie C3 Consolidated,checkout,7.00816,1.51,,
32650872936,httpie,C3,P01 HTTPie C3 Consolidated,dependency-installation,96.9692,23.49,,
32650872936,httpie,C3,P01 HTTPie C3 Consolidated,coverage,367.182,101.79,,
32650872936,httpie,C3,P01 HTTPie C3 Consolidated,dist-test,79.2843,19.42,,
32650872936,httpie,C3,P01 HTTPie C3 Consolidated,checkout,5.89461,1.39,,3.11
32650872936,httpie,C3,P01 HTTPie C3 Consolidated,dependency-installation,113.428,27.62,,3.11
32650872936,httpie,C3,P01 HTTPie C3 Consolidated,test-execution,327.0,92.79,,3.11
32650872936,httpie,C3,P01 HTTPie C3 Consolidated,checkout,5.57926,1.52,,3.10
32650872936,httpie,C3,P01 HTTPie C3 Consolidated,dependency-installation,98.8456,24.5,,3.10
32650872936,httpie,C3,P01 HTTPie C3 Consolidated,test-execution,347.954,98.09,,3.10
32650872936,httpie,C3,P01 HTTPie C3 Consolidated,checkout,5.66283,1.29,,3.12
32650872936,httpie,C3,P01 HTTPie C3 Consolidated,dependency-installation,87.9872,21.27,,3.12
32650872936,httpie,C3,P01 HTTPie C3 Consolidated,test-execution,348.199,97.25,,3.12
32650872936,httpie,C3,P01 HTTPie C3 Consolidated,checkout,9.31745,2.01,,
32650872936,httpie,C3,P01 HTTPie C3 Consolidated,dependency-installation,52.8149,12.45,,
32650872936,httpie,C3,P01 HTTPie C3 Consolidated,lint,77.639,18.88,,
32650870900,gson,C2,P05 Gson C2 Tests,checkout,6.44521,1.39,,
32650870900,gson,C2,P05 Gson C2 Tests,test-execution,223.156,34.72,,
32650869909,gson,C1,P05 Gson C1 Tests,checkout,3.68872,1.04,,
32650869909,gson,C1,P05 Gson C1 Tests,test-execution,236.052,48.67,,
32650868629,resty,C4,P04 resty C4 Combined,checkout,6.36587,1.44,,
32650868629,resty,C4,P04 resty C4 Combined,dependency-installation,45.9436,11.43,,
32650868629,resty,C4,P04 resty C4 Combined,test-execution,182.308,80.08,,
32650867387,resty,C3,P04 resty C3 Consolidated,checkout,14.4493,2.81,,
32650867387,resty,C3,P04 resty C3 Consolidated,dependency-installation,38.8637,9.91,,
32650867387,resty,C3,P04 resty C3 Consolidated,test-execution,185.653,80.27,,
32650867333,resty,C2,P04 resty C2 Tests,checkout,5.54275,1.36,,
32650867333,resty,C2,P04 resty C2 Tests,dependency-installation,48.6007,11.49,,
32650867333,resty,C2,P04 resty C2 Tests,test-execution,240.018,80.86,,
32650865144,resty,C1,P04 resty C1 Tests,checkout,11.0578,2.46,,
32650865144,resty,C1,P04 resty C1 Tests,dependency-installation,46.9692,11.55,,
32650865144,resty,C1,P04 resty C1 Tests,test-execution,186.54,79.23,,
32650863758,retrofit,C4,P03 Retrofit C4 Combined,checkout,5.95979,1.37,,
32650863758,retrofit,C4,P03 Retrofit C4 Combined,test-execution,343.085,68.25,,
32650863627,retrofit,C3,P03 Retrofit C3 Consolidated,test-execution,519.845,92.44,,
32650861865,retrofit,C2,P03 Retrofit C2 Tests,checkout,5.76679,1.31,,
32650861865,retrofit,C2,P03 Retrofit C2 Tests,test-execution,330.92,63.34,,
32650857465,retrofit,C1,P03 Retrofit C1 Tests,checkout,4.73981,1.75,,
32650857465,retrofit,C1,P03 Retrofit C1 Tests,test-execution,462.168,92.32,,
32650856273,got,C3,P02 got C3 Consolidated,dependency-installation,159.738,34.67,,
32650856273,got,C3,P02 got C3 Consolidated,test-execution,394.273,75.26,,
32650856273,got,C3,P02 got C3 Consolidated,checkout,4.73966,1.29,,
32650856273,got,C3,P02 got C3 Consolidated,dependency-installation,154.711,35.83,,
32650856273,got,C3,P02 got C3 Consolidated,test-execution,321.004,65.63,,
32650855320,got,C4,P02 got C4 Combined,checkout,8.58687,1.93,,
32650855320,got,C4,P02 got C4 Combined,dependency-installation,149.933,32.69,,
32650855320,got,C4,P02 got C4 Combined,test-execution,365.277,70.99,,
32650855320,got,C4,P02 got C4 Combined,checkout,3.82586,1.04,,
32650855320,got,C4,P02 got C4 Combined,dependency-installation,155.917,35.22,,
32650855320,got,C4,P02 got C4 Combined,test-execution,319.656,65.2,,
32650851659,got,C2,P02 got C2 Tests,checkout,3.8863,1.12,,
32650851659,got,C2,P02 got C2 Tests,dependency-installation,150.91,31.91,,
32650851659,got,C2,P02 got C2 Tests,test-execution,378.708,73.2,,
32650851659,got,C2,P02 got C2 Tests,checkout,5.10774,1.47,,
32650851659,got,C2,P02 got C2 Tests,dependency-installation,171.865,39.06,,
32650851659,got,C2,P02 got C2 Tests,test-execution,253.855,53.14,,
32650849902,got,C1,P02 got C1 Tests,dependency-installation,152.852,32.82,,
32650849902,got,C1,P02 got C1 Tests,test-execution,380.327,73.84,,
32650849902,got,C1,P02 got C1 Tests,dependency-installation,161.796,35.09,,
32650849902,got,C1,P02 got C1 Tests,test-execution,322.143,65.21,,
32650847948,httpie,C4,P01 HTTPie C4 Combined,checkout,5.16357,1.41,,
32650847948,httpie,C4,P01 HTTPie C4 Combined,dependency-installation,66.6361,16.6,,
32650847948,httpie,C4,P01 HTTPie C4 Combined,coverage,310.168,89.41,,
32650847948,httpie,C4,P01 HTTPie C4 Combined,dist-test,57.9099,14.32,,
32650847948,httpie,C4,P01 HTTPie C4 Combined,dependency-installation,81.0288,19.66,,3.10
32650847948,httpie,C4,P01 HTTPie C4 Combined,test-execution,345.49,98.93,,3.10
32650847948,httpie,C4,P01 HTTPie C4 Combined,checkout,4.58702,1.31,,3.12
32650847948,httpie,C4,P01 HTTPie C4 Combined,dependency-installation,71.3489,17.82,,3.12
32650847948,httpie,C4,P01 HTTPie C4 Combined,test-execution,299.726,83.03,,3.12
32650847948,httpie,C4,P01 HTTPie C4 Combined,checkout,4.72395,1.08,,3.11
32650847948,httpie,C4,P01 HTTPie C4 Combined,dependency-installation,85.5341,20.84,,3.11
32650847948,httpie,C4,P01 HTTPie C4 Combined,test-execution,347.601,97.41,,3.11
32650847948,httpie,C4,P01 HTTPie C4 Combined,checkout,3.08275,1.08,,
32650847948,httpie,C4,P01 HTTPie C4 Combined,dependency-installation,47.5098,11.92,,
32650847948,httpie,C4,P01 HTTPie C4 Combined,lint,59.6524,15.07,,
32650840876,httpie,C2,P01 HTTPie C2 Tests,checkout,5.24718,1.52,,3.10
32650840876,httpie,C2,P01 HTTPie C2 Tests,dependency-installation,102.34,25.57,,3.10
32650840876,httpie,C2,P01 HTTPie C2 Tests,test-execution,356.323,100.32,,3.10
32650840876,httpie,C2,P01 HTTPie C2 Tests,checkout,4.24195,1.15,,3.11
32650840876,httpie,C2,P01 HTTPie C2 Tests,dependency-installation,83.4007,20.61,,3.11
32650840876,httpie,C2,P01 HTTPie C2 Tests,test-execution,315.511,89.98,,3.11
32650840876,httpie,C2,P01 HTTPie C2 Tests,dependency-installation,97.123,21.82,,3.12
32650840876,httpie,C2,P01 HTTPie C2 Tests,test-execution,330.981,88.3,,3.12
32650840524,httpie,C1,P01 HTTPie C1 Coverage,dependency-installation,103.068,25.66,,
32650840524,httpie,C1,P01 HTTPie C1 Coverage,coverage,373.235,103.37,,
32650840524,httpie,C1,P01 HTTPie C1 Coverage,dist-test,82.323,20.29,,
32650836999,httpie,C1,P01 HTTPie C1 Tests,checkout,5.79055,1.58,,3.11
32650836999,httpie,C1,P01 HTTPie C1 Tests,dependency-installation,87.6422,21.73,,3.11
32650836999,httpie,C1,P01 HTTPie C1 Tests,test-execution,324.269,92.33,,3.11
32650836999,httpie,C1,P01 HTTPie C1 Tests,dependency-installation,89.2775,22.06,,3.12
32650836999,httpie,C1,P01 HTTPie C1 Tests,test-execution,338.049,95.62,,3.12
32650836999,httpie,C1,P01 HTTPie C1 Tests,checkout,4.45859,1.04,,3.10
32650836999,httpie,C1,P01 HTTPie C1 Tests,dependency-installation,110.222,26.35,,3.10
32650836999,httpie,C1,P01 HTTPie C1 Tests,test-execution,304.167,82.79,,3.10
32650835320,httpie,C1,P01 HTTPie C1 Code Style,dependency-installation,61.601,14.44,,
32650835320,httpie,C1,P01 HTTPie C1 Code Style,lint,76.5102,18.87,,
32650758183,httpie,C2,P01 HTTPie C2 Code Style,checkout,2.92345,1.32,,
32650758183,httpie,C2,P01 HTTPie C2 Code Style,dependency-installation,54.6104,13.85,,
32650758183,httpie,C2,P01 HTTPie C2 Code Style,lint,68.634,17.18,,
32650758032,httpie,C2,P01 HTTPie C2 Coverage,dependency-installation,82.444,20.37,,
32650758032,httpie,C2,P01 HTTPie C2 Coverage,coverage,361.659,100.64,,
32650758032,httpie,C2,P01 HTTPie C2 Coverage,dist-test,78.6874,19.47,,
32650615298,gson,C4,P05 Gson C4 Combined,test-execution,207.214,32.78,,
32650613377,gson,C3,P05 Gson C3 Consolidated,checkout,4.54202,1.39,,
32650613377,gson,C3,P05 Gson C3 Consolidated,test-execution,211.802,43.13,,
32650611424,gson,C2,P05 Gson C2 Tests,test-execution,249.226,41.45,,
32650611175,gson,C1,P05 Gson C1 Tests,checkout,2.91422,1.25,,
32650611175,gson,C1,P05 Gson C1 Tests,test-execution,251.505,43.31,,
32650609025,resty,C4,P04 resty C4 Combined,checkout,6.6252,1.71,,
32650609025,resty,C4,P04 resty C4 Combined,dependency-installation,39.9957,9.74,,
32650609025,resty,C4,P04 resty C4 Combined,test-execution,180.13,80.03,,
32650608060,resty,C2,P04 resty C2 Tests,checkout,3.55393,1.26,,
32650608060,resty,C2,P04 resty C2 Tests,dependency-installation,43.9855,11.79,,
32650608060,resty,C2,P04 resty C2 Tests,test-execution,182.88,80.82,,
32650607870,resty,C3,P04 resty C3 Consolidated,dependency-installation,49.2128,12.79,,
32650607870,resty,C3,P04 resty C3 Consolidated,test-execution,184.464,80.88,,
32650605879,resty,C1,P04 resty C1 Tests,checkout,3.60613,1.37,,
32650605879,resty,C1,P04 resty C1 Tests,dependency-installation,38.9624,9.75,,
32650605879,resty,C1,P04 resty C1 Tests,test-execution,186.526,80.7,,
32650604257,retrofit,C4,P03 Retrofit C4 Combined,checkout,4.38862,1.21,,
32650604257,retrofit,C4,P03 Retrofit C4 Combined,test-execution,355.87,69.3,,
32650603405,retrofit,C3,P03 Retrofit C3 Consolidated,checkout,6.05819,1.36,,
32650603405,retrofit,C3,P03 Retrofit C3 Consolidated,test-execution,473.659,87.0,,
32650602504,retrofit,C2,P03 Retrofit C2 Tests,checkout,4.77963,1.1,,
32650602504,retrofit,C2,P03 Retrofit C2 Tests,test-execution,327.233,64.11,,
32650597335,retrofit,C1,P03 Retrofit C1 Tests,checkout,6.03089,1.75,,
32650597335,retrofit,C1,P03 Retrofit C1 Tests,test-execution,487.54,93.69,,
32650595657,got,C3,P02 got C3 Consolidated,checkout,4.65909,1.3,,
32650595657,got,C3,P02 got C3 Consolidated,dependency-installation,178.926,43.77,,
32650595657,got,C3,P02 got C3 Consolidated,test-execution,273.74,57.11,,
32650595657,got,C3,P02 got C3 Consolidated,dependency-installation,155.039,32.55,,
32650595657,got,C3,P02 got C3 Consolidated,test-execution,367.656,71.8,,
32650595606,got,C4,P02 got C4 Combined,checkout,5.1335,1.18,,
32650595606,got,C4,P02 got C4 Combined,dependency-installation,166.579,34.66,,
32650595606,got,C4,P02 got C4 Combined,test-execution,317.036,64.5,,
32650595606,got,C4,P02 got C4 Combined,dependency-installation,144.792,29.64,,
32650595606,got,C4,P02 got C4 Combined,test-execution,382.252,72.52,,
32650592214,got,C2,P02 got C2 Tests,dependency-installation,169.285,34.22,,
32650592214,got,C2,P02 got C2 Tests,test-execution,386.796,74.24,,
32650592214,got,C2,P02 got C2 Tests,checkout,3.52797,1.24,,
32650592214,got,C2,P02 got C2 Tests,dependency-installation,161.744,34.4,,
32650592214,got,C2,P02 got C2 Tests,test-execution,326.775,66.7,,
32650590617,got,C1,P02 got C1 Tests,checkout,5.1463,1.19,,
32650590617,got,C1,P02 got C1 Tests,dependency-installation,161.979,35.28,,
32650590617,got,C1,P02 got C1 Tests,test-execution,387.952,74.54,,
32650590617,got,C1,P02 got C1 Tests,checkout,4.93609,1.15,,
32650590617,got,C1,P02 got C1 Tests,dependency-installation,180.688,38.88,,
32650590617,got,C1,P02 got C1 Tests,test-execution,351.196,70.45,,
32650588385,httpie,C4,P01 HTTPie C4 Combined,checkout,10.8971,2.2,,
32650588385,httpie,C4,P01 HTTPie C4 Combined,dependency-installation,85.5064,20.61,,
32650588385,httpie,C4,P01 HTTPie C4 Combined,coverage,394.506,108.25,,
32650588385,httpie,C4,P01 HTTPie C4 Combined,dist-test,84.1686,20.55,,
32650588385,httpie,C4,P01 HTTPie C4 Combined,checkout,5.56727,1.56,,3.10
32650588385,httpie,C4,P01 HTTPie C4 Combined,dependency-installation,76.7048,19.04,,3.10
32650588385,httpie,C4,P01 HTTPie C4 Combined,test-execution,332.507,94.17,,3.10
32650588385,httpie,C4,P01 HTTPie C4 Combined,dependency-installation,84.1924,20.44,,3.12
32650588385,httpie,C4,P01 HTTPie C4 Combined,test-execution,334.87,94.3,,3.12
32650588385,httpie,C4,P01 HTTPie C4 Combined,checkout,4.9466,1.15,,3.11
32650588385,httpie,C4,P01 HTTPie C4 Combined,dependency-installation,81.9529,19.81,,3.11
32650588385,httpie,C4,P01 HTTPie C4 Combined,test-execution,323.178,90.9,,3.11
32650588385,httpie,C4,P01 HTTPie C4 Combined,dependency-installation,55.4328,13.19,,
32650588385,httpie,C4,P01 HTTPie C4 Combined,lint,68.2716,16.73,,
32650582243,httpie,C2,P01 HTTPie C2 Tests,checkout,5.9452,1.51,,3.12
32650582243,httpie,C2,P01 HTTPie C2 Tests,dependency-installation,73.6477,17.64,,3.12
32650582243,httpie,C2,P01 HTTPie C2 Tests,test-execution,292.309,84.61,,3.12
32650582243,httpie,C2,P01 HTTPie C2 Tests,checkout,5.92048,1.56,,3.10
32650582243,httpie,C2,P01 HTTPie C2 Tests,dependency-installation,73.962,18.46,,3.10
32650582243,httpie,C2,P01 HTTPie C2 Tests,test-execution,278.23,81.71,,3.10
32650582243,httpie,C2,P01 HTTPie C2 Tests,checkout,4.19765,1.15,,3.11
32650582243,httpie,C2,P01 HTTPie C2 Tests,dependency-installation,68.7113,17.12,,3.11
32650582243,httpie,C2,P01 HTTPie C2 Tests,test-execution,268.97,78.67,,3.11
32650581557,httpie,C1,P01 HTTPie C1 Coverage,checkout,5.70293,1.3,,
32650581557,httpie,C1,P01 HTTPie C1 Coverage,dependency-installation,103.688,24.85,,
32650581557,httpie,C1,P01 HTTPie C1 Coverage,coverage,394.403,108.49,,
32650581557,httpie,C1,P01 HTTPie C1 Coverage,dist-test,82.2769,20.16,,
32650578265,httpie,C1,P01 HTTPie C1 Tests,checkout,4.69562,1.28,,3.10
32650578265,httpie,C1,P01 HTTPie C1 Tests,dependency-installation,113.216,27.89,,3.10
32650578265,httpie,C1,P01 HTTPie C1 Tests,test-execution,358.101,100.14,,3.10
32650578265,httpie,C1,P01 HTTPie C1 Tests,checkout,5.45343,1.22,,3.12
32650578265,httpie,C1,P01 HTTPie C1 Tests,dependency-installation,99.2711,23.92,,3.12
32650578265,httpie,C1,P01 HTTPie C1 Tests,test-execution,359.537,100.48,,3.12
32650578265,httpie,C1,P01 HTTPie C1 Tests,dependency-installation,94.6515,23.29,,3.11
32650578265,httpie,C1,P01 HTTPie C1 Tests,test-execution,345.573,96.4,,3.11
32650575953,httpie,C1,P01 HTTPie C1 Code Style,checkout,4.35958,1.21,,
32650575953,httpie,C1,P01 HTTPie C1 Code Style,dependency-installation,47.8793,11.61,,
32650575953,httpie,C1,P01 HTTPie C1 Code Style,lint,72.1202,17.77,,
32650551058,httpie,C3,P01 HTTPie C3 Consolidated,checkout,3.3485,1.3,,
32650551058,httpie,C3,P01 HTTPie C3 Consolidated,dependency-installation,93.3473,23.12,,
32650551058,httpie,C3,P01 HTTPie C3 Consolidated,coverage,385.069,106.64,,
32650551058,httpie,C3,P01 HTTPie C3 Consolidated,dist-test,80.4666,19.84,,
32650551058,httpie,C3,P01 HTTPie C3 Consolidated,dependency-installation,106.588,26.5,,3.10
32650551058,httpie,C3,P01 HTTPie C3 Consolidated,test-execution,353.545,98.74,,3.10
32650551058,httpie,C3,P01 HTTPie C3 Consolidated,checkout,2.57017,1.18,,3.11
32650551058,httpie,C3,P01 HTTPie C3 Consolidated,dependency-installation,100.01,25.51,,3.11
32650551058,httpie,C3,P01 HTTPie C3 Consolidated,test-execution,324.335,92.26,,3.11
32650551058,httpie,C3,P01 HTTPie C3 Consolidated,checkout,9.60874,2.18,,3.12
32650551058,httpie,C3,P01 HTTPie C3 Consolidated,dependency-installation,120.526,27.2,,3.12
32650551058,httpie,C3,P01 HTTPie C3 Consolidated,test-execution,309.633,84.54,,3.12
32650551058,httpie,C3,P01 HTTPie C3 Consolidated,checkout,5.1159,1.13,,
32650551058,httpie,C3,P01 HTTPie C3 Consolidated,dependency-installation,52.1841,12.41,,
32650551058,httpie,C3,P01 HTTPie C3 Consolidated,lint,79.9012,19.82,,
32650497077,httpie,C2,P01 HTTPie C2 Code Style,checkout,5.63977,1.73,,
32650497077,httpie,C2,P01 HTTPie C2 Code Style,dependency-installation,60.4548,15.13,,
32650497077,httpie,C2,P01 HTTPie C2 Code Style,lint,71.8442,17.5,,
32650496671,httpie,C2,P01 HTTPie C2 Coverage,dependency-installation,83.6322,19.97,,
32650496671,httpie,C2,P01 HTTPie C2 Coverage,coverage,369.706,95.62,,
32650496671,httpie,C2,P01 HTTPie C2 Coverage,dist-test,68.8411,16.47,,
32650349170,gson,C4,P05 Gson C4 Combined,checkout,5.88388,1.35,,
32650349170,gson,C4,P05 Gson C4 Combined,test-execution,162.436,25.9,,
32650348074,gson,C3,P05 Gson C3 Consolidated,checkout,2.55389,1.27,,
32650348074,gson,C3,P05 Gson C3 Consolidated,test-execution,267.394,47.22,,
32650346034,gson,C2,P05 Gson C2 Tests,test-execution,225.652,36.44,,
32650344858,gson,C1,P05 Gson C1 Tests,checkout,6.39727,1.46,,
32650344858,gson,C1,P05 Gson C1 Tests,test-execution,239.691,44.4,,
32650342948,resty,C4,P04 resty C4 Combined,checkout,4.571,1.36,,
32650342948,resty,C4,P04 resty C4 Combined,dependency-installation,35.9426,8.76,,
32650342948,resty,C4,P04 resty C4 Combined,test-execution,186.606,81.38,,
32650342462,resty,C2,P04 resty C2 Tests,checkout,6.83468,1.95,,
32650342462,resty,C2,P04 resty C2 Tests,dependency-installation,41.6946,11.17,,
32650342462,resty,C2,P04 resty C2 Tests,test-execution,180.374,80.43,,
32650342104,resty,C3,P04 resty C3 Consolidated,checkout,8.49795,1.86,,
32650342104,resty,C3,P04 resty C3 Consolidated,dependency-installation,37.5923,8.86,,
32650342104,resty,C3,P04 resty C3 Consolidated,test-execution,184.175,79.39,,
32650339260,resty,C1,P04 resty C1 Tests,checkout,8.05871,1.82,,
32650339260,resty,C1,P04 resty C1 Tests,dependency-installation,40.8172,9.8,,
32650339260,resty,C1,P04 resty C1 Tests,test-execution,187.439,81.58,,
32650338967,retrofit,C4,P03 Retrofit C4 Combined,checkout,3.87876,1.11,,
32650338967,retrofit,C4,P03 Retrofit C4 Combined,test-execution,335.848,65.93,,
32650337406,retrofit,C3,P03 Retrofit C3 Consolidated,test-execution,486.862,96.02,,
32650336106,retrofit,C2,P03 Retrofit C2 Tests,checkout,4.89786,1.41,,
32650336106,retrofit,C2,P03 Retrofit C2 Tests,test-execution,323.171,61.21,,
32650330606,retrofit,C1,P03 Retrofit C1 Tests,checkout,4.97971,1.14,,
32650330606,retrofit,C1,P03 Retrofit C1 Tests,test-execution,528.693,95.23,,
32650328981,got,C3,P02 got C3 Consolidated,checkout,3.98565,1.36,,
32650328981,got,C3,P02 got C3 Consolidated,dependency-installation,188.662,43.92,,
32650328981,got,C3,P02 got C3 Consolidated,test-execution,330.307,66.74,,
32650328981,got,C3,P02 got C3 Consolidated,dependency-installation,161.497,34.0,,
32650328981,got,C3,P02 got C3 Consolidated,test-execution,391.468,74.22,,
32650328654,got,C4,P02 got C4 Combined,dependency-installation,139.493,28.76,,
32650328654,got,C4,P02 got C4 Combined,test-execution,370.519,71.53,,
32650328654,got,C4,P02 got C4 Combined,dependency-installation,144.332,30.59,,
32650328654,got,C4,P02 got C4 Combined,test-execution,321.878,65.61,,
32650324844,got,C2,P02 got C2 Tests,checkout,4.48995,1.04,,
32650324844,got,C2,P02 got C2 Tests,dependency-installation,209.5,45.38,,
32650324844,got,C2,P02 got C2 Tests,test-execution,289.026,58.26,,
32650324844,got,C2,P02 got C2 Tests,dependency-installation,151.629,32.91,,
32650324844,got,C2,P02 got C2 Tests,test-execution,329.75,66.73,,
32650322785,got,C1,P02 got C1 Tests,checkout,5.02408,1.37,,
32650322785,got,C1,P02 got C1 Tests,dependency-installation,175.518,39.94,,
32650322785,got,C1,P02 got C1 Tests,test-execution,377.057,72.85,,
32650322785,got,C1,P02 got C1 Tests,dependency-installation,146.717,31.79,,
32650322785,got,C1,P02 got C1 Tests,test-execution,323.995,66.37,,
32650320242,httpie,C4,P01 HTTPie C4 Combined,checkout,3.66306,1.31,,
32650320242,httpie,C4,P01 HTTPie C4 Combined,dependency-installation,77.5039,19.41,,
32650320242,httpie,C4,P01 HTTPie C4 Combined,coverage,368.931,102.69,,
32650320242,httpie,C4,P01 HTTPie C4 Combined,dist-test,78.2517,19.28,,
32650320242,httpie,C4,P01 HTTPie C4 Combined,checkout,4.55279,1.25,,3.12
32650320242,httpie,C4,P01 HTTPie C4 Combined,dependency-installation,79.5135,19.61,,3.12
32650320242,httpie,C4,P01 HTTPie C4 Combined,test-execution,364.938,101.91,,3.12
32650320242,httpie,C4,P01 HTTPie C4 Combined,checkout,4.14147,1.14,,3.10
32650320242,httpie,C4,P01 HTTPie C4 Combined,dependency-installation,92.2635,22.83,,3.10
32650320242,httpie,C4,P01 HTTPie C4 Combined,test-execution,342.45,96.84,,3.10
32650320242,httpie,C4,P01 HTTPie C4 Combined,dependency-installation,73.5733,17.72,,3.11
32650320242,httpie,C4,P01 HTTPie C4 Combined,test-execution,319.907,90.85,,3.11
32650320242,httpie,C4,P01 HTTPie C4 Combined,checkout,5.29747,1.24,,
32650320242,httpie,C4,P01 HTTPie C4 Combined,dependency-installation,48.0461,11.32,,
32650320242,httpie,C4,P01 HTTPie C4 Combined,lint,73.0198,16.23,,
32650311945,httpie,C1,P01 HTTPie C1 Coverage,checkout,4.51253,1.33,,
32650311945,httpie,C1,P01 HTTPie C1 Coverage,dependency-installation,96.7749,24.71,,
32650311945,httpie,C1,P01 HTTPie C1 Coverage,coverage,309.702,88.27,,
32650311945,httpie,C1,P01 HTTPie C1 Coverage,dist-test,64.0203,16.01,,
32650312533,httpie,C2,P01 HTTPie C2 Tests,checkout,5.53861,1.29,,3.12
32650312533,httpie,C2,P01 HTTPie C2 Tests,dependency-installation,85.9741,21.23,,3.12
32650312533,httpie,C2,P01 HTTPie C2 Tests,test-execution,361.796,101.36,,3.12
32650312533,httpie,C2,P01 HTTPie C2 Tests,checkout,5.26546,1.32,,3.11
32650312533,httpie,C2,P01 HTTPie C2 Tests,dependency-installation,84.5318,21.43,,3.11
32650312533,httpie,C2,P01 HTTPie C2 Tests,test-execution,335.256,94.71,,3.11
32650312533,httpie,C2,P01 HTTPie C2 Tests,checkout,9.03194,2.05,,3.10
32650312533,httpie,C2,P01 HTTPie C2 Tests,dependency-installation,75.3981,18.31,,3.10
32650312533,httpie,C2,P01 HTTPie C2 Tests,test-execution,337.042,94.87,,3.10
32650308416,httpie,C1,P01 HTTPie C1 Tests,checkout,4.06733,1.29,,3.12
32650308416,httpie,C1,P01 HTTPie C1 Tests,dependency-installation,110.736,27.83,,3.12
32650308416,httpie,C1,P01 HTTPie C1 Tests,test-execution,350.629,97.66,,3.12
32650308416,httpie,C1,P01 HTTPie C1 Tests,checkout,3.70159,1.16,,3.10
32650308416,httpie,C1,P01 HTTPie C1 Tests,dependency-installation,110.324,27.83,,3.10
32650308416,httpie,C1,P01 HTTPie C1 Tests,test-execution,335.547,94.8,,3.10
32650308416,httpie,C1,P01 HTTPie C1 Tests,checkout,4.13769,1.18,,3.11
32650308416,httpie,C1,P01 HTTPie C1 Tests,dependency-installation,95.6842,23.95,,3.11
32650308416,httpie,C1,P01 HTTPie C1 Tests,test-execution,323.938,92.76,,3.11
32650306431,httpie,C1,P01 HTTPie C1 Code Style,checkout,7.4761,1.66,,
32650306431,httpie,C1,P01 HTTPie C1 Code Style,dependency-installation,58.7923,13.96,,
32650306431,httpie,C1,P01 HTTPie C1 Code Style,lint,77.4883,19.12,,
32650231686,httpie,C2,P01 HTTPie C2 Code Style,checkout,4.98286,1.12,,
32650231686,httpie,C2,P01 HTTPie C2 Code Style,dependency-installation,60.3578,14.6,,
32650231686,httpie,C2,P01 HTTPie C2 Code Style,lint,74.0024,17.94,,
32650231561,httpie,C2,P01 HTTPie C2 Coverage,dependency-installation,86.5677,21.2,,
32650231561,httpie,C2,P01 HTTPie C2 Coverage,coverage,372.606,103.18,,
32650231561,httpie,C2,P01 HTTPie C2 Coverage,dist-test,78.7546,19.39,,
32650174847,httpie,C3,P01 HTTPie C3 Consolidated,checkout,7.44207,2.09,,
32650174847,httpie,C3,P01 HTTPie C3 Consolidated,dependency-installation,99.1473,25.06,,
32650174847,httpie,C3,P01 HTTPie C3 Consolidated,coverage,352.029,98.94,,
32650174847,httpie,C3,P01 HTTPie C3 Consolidated,dist-test,70.7765,17.57,,
32650174847,httpie,C3,P01 HTTPie C3 Consolidated,dependency-installation,110.813,27.29,,3.10
32650174847,httpie,C3,P01 HTTPie C3 Consolidated,test-execution,365.343,101.56,,3.10
32650174847,httpie,C3,P01 HTTPie C3 Consolidated,checkout,4.5214,1.16,,3.12
32650174847,httpie,C3,P01 HTTPie C3 Consolidated,dependency-installation,103.649,25.31,,3.12
32650174847,httpie,C3,P01 HTTPie C3 Consolidated,test-execution,350.707,97.91,,3.12
32650174847,httpie,C3,P01 HTTPie C3 Consolidated,checkout,4.46843,1.23,,3.11
32650174847,httpie,C3,P01 HTTPie C3 Consolidated,dependency-installation,93.7384,22.91,,3.11
32650174847,httpie,C3,P01 HTTPie C3 Consolidated,test-execution,338.765,96.05,,3.11
32650174847,httpie,C3,P01 HTTPie C3 Consolidated,checkout,5.25713,1.21,,
32650174847,httpie,C3,P01 HTTPie C3 Consolidated,dependency-installation,60.2213,14.3,,
32650174847,httpie,C3,P01 HTTPie C3 Consolidated,lint,77.3479,18.9,,
32650093816,gson,C4,P05 Gson C4 Combined,checkout,7.57793,1.67,,
32650093816,gson,C4,P05 Gson C4 Combined,test-execution,217.802,33.65,,
32650092397,gson,C3,P05 Gson C3 Consolidated,checkout,5.55279,1.26,,
32650092397,gson,C3,P05 Gson C3 Consolidated,test-execution,279.848,49.21,,
32650089693,gson,C2,P05 Gson C2 Tests,test-execution,226.12,34.06,,
32650088779,gson,C1,P05 Gson C1 Tests,test-execution,256.34,44.83,,
32650086184,resty,C2,P04 resty C2 Tests,checkout,8.75431,2.23,,
32650086184,resty,C2,P04 resty C2 Tests,dependency-installation,42.9885,10.38,,
32650086184,resty,C2,P04 resty C2 Tests,test-execution,242.423,79.98,,
32650086444,resty,C4,P04 resty C4 Combined,checkout,9.73245,2.16,,
32650086444,resty,C4,P04 resty C4 Combined,dependency-installation,55.0264,12.62,,
32650086444,resty,C4,P04 resty C4 Combined,test-execution,231.305,78.37,,
32650085594,resty,C3,P04 resty C3 Consolidated,checkout,7.12237,1.59,,
32650085594,resty,C3,P04 resty C3 Consolidated,dependency-installation,42.2127,10.17,,
32650085594,resty,C3,P04 resty C3 Consolidated,test-execution,187.536,80.3,,
32650082146,resty,C1,P04 resty C1 Tests,checkout,6.8454,1.87,,
32650082146,resty,C1,P04 resty C1 Tests,dependency-installation,35.8792,8.93,,
32650082146,resty,C1,P04 resty C1 Tests,test-execution,181.258,80.47,,
32650081762,retrofit,C4,P03 Retrofit C4 Combined,checkout,4.76796,1.36,,
32650081762,retrofit,C4,P03 Retrofit C4 Combined,test-execution,305.162,58.7,,
32650079132,retrofit,C2,P03 Retrofit C2 Tests,checkout,4.88361,1.13,,
32650079132,retrofit,C2,P03 Retrofit C2 Tests,test-execution,287.624,54.28,,
32650079647,retrofit,C3,P03 Retrofit C3 Consolidated,checkout,5.42139,1.52,,
32650079647,retrofit,C3,P03 Retrofit C3 Consolidated,test-execution,456.855,86.86,,
32650073768,retrofit,C1,P03 Retrofit C1 Tests,test-execution,507.345,90.06,,
32650071341,got,C4,P02 got C4 Combined,checkout,4.92205,1.32,,
32650071341,got,C4,P02 got C4 Combined,dependency-installation,133.766,29.1,,
32650071341,got,C4,P02 got C4 Combined,test-execution,312.605,61.76,,
32650071341,got,C4,P02 got C4 Combined,dependency-installation,127.843,27.09,,
32650071341,got,C4,P02 got C4 Combined,test-execution,270.455,56.36,,
32650071707,got,C3,P02 got C3 Consolidated,checkout,3.85166,1.1,,
32650071707,got,C3,P02 got C3 Consolidated,dependency-installation,159.722,35.31,,
32650071707,got,C3,P02 got C3 Consolidated,test-execution,390.866,75.21,,
32650071707,got,C3,P02 got C3 Consolidated,checkout,3.24793,1.32,,
32650071707,got,C3,P02 got C3 Consolidated,dependency-installation,143.151,32.71,,
32650071707,got,C3,P02 got C3 Consolidated,test-execution,266.024,56.93,,
32650067560,got,C2,P02 got C2 Tests,checkout,5.66766,1.3,,
32650067560,got,C2,P02 got C2 Tests,dependency-installation,167.735,35.74,,
32650067560,got,C2,P02 got C2 Tests,test-execution,357.82,68.5,,
32650067560,got,C2,P02 got C2 Tests,checkout,4.72874,1.07,,
32650067560,got,C2,P02 got C2 Tests,dependency-installation,171.652,39.03,,
32650067560,got,C2,P02 got C2 Tests,test-execution,315.863,65.23,,
32650065079,got,C1,P02 got C1 Tests,checkout,2.95212,1.17,,
32650065079,got,C1,P02 got C1 Tests,dependency-installation,163.685,36.11,,
32650065079,got,C1,P02 got C1 Tests,test-execution,405.676,77.51,,
32650065079,got,C1,P02 got C1 Tests,checkout,9.17511,1.97,,
32650065079,got,C1,P02 got C1 Tests,dependency-installation,143.041,30.93,,
32650065079,got,C1,P02 got C1 Tests,test-execution,316.766,64.37,,
32650063994,httpie,C4,P01 HTTPie C4 Combined,dependency-installation,77.9946,18.62,,
32650063994,httpie,C4,P01 HTTPie C4 Combined,coverage,371.75,102.84,,
32650063994,httpie,C4,P01 HTTPie C4 Combined,dist-test,79.7537,19.51,,
32650063994,httpie,C4,P01 HTTPie C4 Combined,checkout,2.86238,1.23,,3.12
32650063994,httpie,C4,P01 HTTPie C4 Combined,dependency-installation,75.5162,18.95,,3.12
32650063994,httpie,C4,P01 HTTPie C4 Combined,test-execution,357.612,101.08,,3.12
32650063994,httpie,C4,P01 HTTPie C4 Combined,checkout,5.26595,1.5,,3.11
32650063994,httpie,C4,P01 HTTPie C4 Combined,dependency-installation,73.9266,18.41,,3.11
32650063994,httpie,C4,P01 HTTPie C4 Combined,test-execution,325.191,92.53,,3.11
32650063994,httpie,C4,P01 HTTPie C4 Combined,dependency-installation,84.3402,20.66,,3.10
32650063994,httpie,C4,P01 HTTPie C4 Combined,test-execution,347.021,96.91,,3.10
32650063994,httpie,C4,P01 HTTPie C4 Combined,checkout,5.72461,1.27,,
32650063994,httpie,C4,P01 HTTPie C4 Combined,dependency-installation,56.8111,13.34,,
32650063994,httpie,C4,P01 HTTPie C4 Combined,lint,73.1225,17.82,,
32650057513,httpie,C2,P01 HTTPie C2 Tests,checkout,6.84287,1.58,,3.12
32650057513,httpie,C2,P01 HTTPie C2 Tests,dependency-installation,79.8992,19.35,,3.12
32650057513,httpie,C2,P01 HTTPie C2 Tests,test-execution,348.808,98.07,,3.12
32650057513,httpie,C2,P01 HTTPie C2 Tests,checkout,4.47209,1.21,,3.10
32650057513,httpie,C2,P01 HTTPie C2 Tests,dependency-installation,82.7051,20.43,,3.10
32650057513,httpie,C2,P01 HTTPie C2 Tests,test-execution,339.49,95.61,,3.10
32650057513,httpie,C2,P01 HTTPie C2 Tests,dependency-installation,74.4598,17.68,,3.11
32650057513,httpie,C2,P01 HTTPie C2 Tests,test-execution,335.21,93.97,,3.11
32650057397,httpie,C1,P01 HTTPie C1 Coverage,checkout,14.293,2.72,,
32650057397,httpie,C1,P01 HTTPie C1 Coverage,dependency-installation,150.321,35.63,,
32650057397,httpie,C1,P01 HTTPie C1 Coverage,coverage,349.583,94.28,,
32650057397,httpie,C1,P01 HTTPie C1 Coverage,dist-test,68.6943,16.65,,
32650054249,httpie,C1,P01 HTTPie C1 Tests,checkout,4.5923,1.25,,3.12
32650054249,httpie,C1,P01 HTTPie C1 Tests,dependency-installation,106.451,26.07,,3.12
32650054249,httpie,C1,P01 HTTPie C1 Tests,test-execution,360.991,101.17,,3.12
32650054249,httpie,C1,P01 HTTPie C1 Tests,dependency-installation,104.41,25.39,,3.10
32650054249,httpie,C1,P01 HTTPie C1 Tests,test-execution,333.274,93.8,,3.10
32650054249,httpie,C1,P01 HTTPie C1 Tests,checkout,6.58824,1.5,,3.11
32650054249,httpie,C1,P01 HTTPie C1 Tests,dependency-installation,129.35,29.7,,3.11
32650054249,httpie,C1,P01 HTTPie C1 Tests,test-execution,315.663,83.87,,3.11
32650052816,httpie,C1,P01 HTTPie C1 Code Style,checkout,4.36314,1.17,,
32650052816,httpie,C1,P01 HTTPie C1 Code Style,dependency-installation,38.1585,9.23,,
32650052816,httpie,C1,P01 HTTPie C1 Code Style,lint,64.5819,16.07,,
32649975278,httpie,C2,P01 HTTPie C2 Coverage,dependency-installation,86.0009,20.57,,
32649975278,httpie,C2,P01 HTTPie C2 Coverage,coverage,379.436,103.62,,
32649975278,httpie,C2,P01 HTTPie C2 Coverage,dist-test,78.94,19.32,,
32649975200,httpie,C2,P01 HTTPie C2 Code Style,checkout,5.18315,1.48,,
32649975200,httpie,C2,P01 HTTPie C2 Code Style,dependency-installation,53.1565,13.33,,
32649975200,httpie,C2,P01 HTTPie C2 Code Style,lint,62.9205,15.47,,
32649829535,gson,C4,P05 Gson C4 Combined,checkout,5.14714,1.45,,
32649829535,gson,C4,P05 Gson C4 Combined,test-execution,144.286,24.78,,
32649827642,gson,C3,P05 Gson C3 Consolidated,checkout,10.8444,2.22,,
32649827642,gson,C3,P05 Gson C3 Consolidated,test-execution,230.282,38.81,,
32649825323,gson,C2,P05 Gson C2 Tests,checkout,6.00917,1.4,,
32649825323,gson,C2,P05 Gson C2 Tests,test-execution,163.635,26.22,,
32649824706,gson,C1,P05 Gson C1 Tests,checkout,4.72436,1.29,,
32649824706,gson,C1,P05 Gson C1 Tests,test-execution,255.376,41.43,,
32649822859,resty,C4,P04 resty C4 Combined,checkout,6.66246,1.53,,
32649822859,resty,C4,P04 resty C4 Combined,dependency-installation,51.5101,12.12,,
32649822859,resty,C4,P04 resty C4 Combined,test-execution,256.478,79.36,,
32649822719,resty,C2,P04 resty C2 Tests,checkout,6.97959,1.9,,
32649822719,resty,C2,P04 resty C2 Tests,dependency-installation,34.4865,8.67,,
32649822719,resty,C2,P04 resty C2 Tests,test-execution,180.579,81.49,,
32649822101,resty,C3,P04 resty C3 Consolidated,checkout,8.41595,1.94,,
32649822101,resty,C3,P04 resty C3 Consolidated,dependency-installation,44.3143,11.67,,
32649822101,resty,C3,P04 resty C3 Consolidated,test-execution,188.009,81.51,,
32649819358,resty,C1,P04 resty C1 Tests,checkout,5.19969,1.43,,
32649819358,resty,C1,P04 resty C1 Tests,dependency-installation,44.0155,11.42,,
32649819358,resty,C1,P04 resty C1 Tests,test-execution,181.182,79.52,,
32649818853,retrofit,C4,P03 Retrofit C4 Combined,checkout,5.12206,1.18,,
32649818853,retrofit,C4,P03 Retrofit C4 Combined,test-execution,345.024,68.29,,
32649817569,retrofit,C2,P03 Retrofit C2 Tests,checkout,3.66425,1.19,,
32649817569,retrofit,C2,P03 Retrofit C2 Tests,test-execution,339.714,67.2,,
32649817486,retrofit,C3,P03 Retrofit C3 Consolidated,checkout,8.43534,1.81,,
32649817486,retrofit,C3,P03 Retrofit C3 Consolidated,test-execution,494.907,88.54,,
32649812970,retrofit,C1,P03 Retrofit C1 Tests,checkout,3.71561,1.21,,
32649812970,retrofit,C1,P03 Retrofit C1 Tests,test-execution,507.872,90.88,,
32649811621,got,C3,P02 got C3 Consolidated,checkout,3.6343,1.25,,
32649811621,got,C3,P02 got C3 Consolidated,dependency-installation,171.737,39.29,,
32649811621,got,C3,P02 got C3 Consolidated,test-execution,323.773,65.76,,
32649811621,got,C3,P02 got C3 Consolidated,dependency-installation,157.68,34.71,,
32649811621,got,C3,P02 got C3 Consolidated,test-execution,382.063,73.54,,
32649811209,got,C4,P02 got C4 Combined,checkout,4.96573,1.15,,
32649811209,got,C4,P02 got C4 Combined,dependency-installation,162.794,34.79,,
32649811209,got,C4,P02 got C4 Combined,test-execution,331.736,66.8,,
32649811209,got,C4,P02 got C4 Combined,dependency-installation,146.887,29.54,,
32649811209,got,C4,P02 got C4 Combined,test-execution,375.746,72.27,,
32649807303,got,C2,P02 got C2 Tests,checkout,4.68822,1.27,,
32649807303,got,C2,P02 got C2 Tests,dependency-installation,194.872,42.17,,
32649807303,got,C2,P02 got C2 Tests,test-execution,371.273,72.57,,
32649807303,got,C2,P02 got C2 Tests,dependency-installation,155.9,35.01,,
32649807303,got,C2,P02 got C2 Tests,test-execution,239.317,52.43,,
32649805133,got,C1,P02 got C1 Tests,dependency-installation,191.893,42.57,,
32649805133,got,C1,P02 got C1 Tests,test-execution,373.897,72.23,,
32649805133,got,C1,P02 got C1 Tests,checkout,4.95666,1.16,,
32649805133,got,C1,P02 got C1 Tests,dependency-installation,183.161,40.09,,
32649805133,got,C1,P02 got C1 Tests,test-execution,344.933,69.61,,
32649803635,httpie,C4,P01 HTTPie C4 Combined,checkout,4.77953,1.1,,
32649803635,httpie,C4,P01 HTTPie C4 Combined,dependency-installation,90.1596,21.96,,
32649803635,httpie,C4,P01 HTTPie C4 Combined,coverage,380.442,105.34,,
32649803635,httpie,C4,P01 HTTPie C4 Combined,dist-test,80.3987,19.75,,
32649803635,httpie,C4,P01 HTTPie C4 Combined,dependency-installation,108.299,26.25,,3.11
32649803635,httpie,C4,P01 HTTPie C4 Combined,test-execution,329.116,92.68,,3.11
32649803635,httpie,C4,P01 HTTPie C4 Combined,checkout,6.57901,1.5,,3.10
32649803635,httpie,C4,P01 HTTPie C4 Combined,dependency-installation,69.6917,16.75,,3.10
32649803635,httpie,C4,P01 HTTPie C4 Combined,test-execution,317.725,84.5,,3.10
32649803635,httpie,C4,P01 HTTPie C4 Combined,checkout,4.92412,1.38,,3.12
32649803635,httpie,C4,P01 HTTPie C4 Combined,dependency-installation,53.0494,13.23,,3.12
32649803635,httpie,C4,P01 HTTPie C4 Combined,test-execution,271.806,78.17,,3.12
32649803635,httpie,C4,P01 HTTPie C4 Combined,dependency-installation,56.283,13.46,,
32649803635,httpie,C4,P01 HTTPie C4 Combined,lint,68.6012,16.88,,
32649801965,httpie,C3,P01 HTTPie C3 Consolidated,dependency-installation,97.2269,23.91,,
32649801965,httpie,C3,P01 HTTPie C3 Consolidated,coverage,357.92,100.07,,
32649801965,httpie,C3,P01 HTTPie C3 Consolidated,dist-test,76.6246,18.84,,
32649801965,httpie,C3,P01 HTTPie C3 Consolidated,dependency-installation,106.979,25.72,,3.11
32649801965,httpie,C3,P01 HTTPie C3 Consolidated,test-execution,328.174,92.63,,3.11
32649801965,httpie,C3,P01 HTTPie C3 Consolidated,checkout,6.53393,1.48,,3.12
32649801965,httpie,C3,P01 HTTPie C3 Consolidated,dependency-installation,93.6371,23.0,,3.12
32649801965,httpie,C3,P01 HTTPie C3 Consolidated,test-execution,337.23,95.85,,3.12
32649801965,httpie,C3,P01 HTTPie C3 Consolidated,checkout,5.81645,1.31,,3.10
32649801965,httpie,C3,P01 HTTPie C3 Consolidated,dependency-installation,86.308,20.76,,3.10
32649801965,httpie,C3,P01 HTTPie C3 Consolidated,test-execution,319.42,85.6,,3.10
32649801965,httpie,C3,P01 HTTPie C3 Consolidated,checkout,6.18541,1.36,,
32649801965,httpie,C3,P01 HTTPie C3 Consolidated,dependency-installation,51.068,12.07,,
32649801965,httpie,C3,P01 HTTPie C3 Consolidated,lint,76.4704,18.57,,
32649796574,httpie,C2,P01 HTTPie C2 Tests,checkout,3.94526,1.38,,3.10
32649796574,httpie,C2,P01 HTTPie C2 Tests,dependency-installation,88.4032,22.04,,3.10
32649796574,httpie,C2,P01 HTTPie C2 Tests,test-execution,360.056,100.51,,3.10
32649796574,httpie,C2,P01 HTTPie C2 Tests,checkout,6.12161,1.4,,3.12
32649796574,httpie,C2,P01 HTTPie C2 Tests,dependency-installation,74.6685,18.52,,3.12
32649796574,httpie,C2,P01 HTTPie C2 Tests,test-execution,330.323,94.02,,3.12
32649796574,httpie,C2,P01 HTTPie C2 Tests,dependency-installation,81.258,19.92,,3.11
32649796574,httpie,C2,P01 HTTPie C2 Tests,test-execution,309.968,88.26,,3.11
32649796353,httpie,C1,P01 HTTPie C1 Coverage,checkout,5.40144,1.55,,
32649796353,httpie,C1,P01 HTTPie C1 Coverage,dependency-installation,102.727,25.45,,
32649796353,httpie,C1,P01 HTTPie C1 Coverage,coverage,383.808,107.26,,
32649796353,httpie,C1,P01 HTTPie C1 Coverage,dist-test,82.2218,20.23,,
32649793226,httpie,C1,P01 HTTPie C1 Tests,checkout,4.87404,1.11,,3.12
32649793226,httpie,C1,P01 HTTPie C1 Tests,dependency-installation,98.9798,24.03,,3.12
32649793226,httpie,C1,P01 HTTPie C1 Tests,test-execution,349.603,98.14,,3.12
32649793226,httpie,C1,P01 HTTPie C1 Tests,dependency-installation,106.615,25.72,,3.10
32649793226,httpie,C1,P01 HTTPie C1 Tests,test-execution,341.969,96.54,,3.10
32649793226,httpie,C1,P01 HTTPie C1 Tests,checkout,3.96561,1.08,,3.11
32649793226,httpie,C1,P01 HTTPie C1 Tests,dependency-installation,92.7258,22.66,,3.11
32649793226,httpie,C1,P01 HTTPie C1 Tests,test-execution,332.927,94.51,,3.11
32649791530,httpie,C1,P01 HTTPie C1 Code Style,checkout,5.71682,1.32,,
32649791530,httpie,C1,P01 HTTPie C1 Code Style,dependency-installation,56.832,13.65,,
32649791530,httpie,C1,P01 HTTPie C1 Code Style,lint,77.5912,18.84,,
32649713282,httpie,C2,P01 HTTPie C2 Code Style,checkout,2.30298,1.05,,
32649713282,httpie,C2,P01 HTTPie C2 Code Style,dependency-installation,51.4521,12.78,,
32649713282,httpie,C2,P01 HTTPie C2 Code Style,lint,65.9387,16.48,,
32649713062,httpie,C2,P01 HTTPie C2 Coverage,dependency-installation,85.3698,21.06,,
32649713062,httpie,C2,P01 HTTPie C2 Coverage,coverage,378.372,105.28,,
32649713062,httpie,C2,P01 HTTPie C2 Coverage,dist-test,79.1867,19.68,,
32649571236,gson,C4,P05 Gson C4 Combined,checkout,5.22888,1.19,,
32649571236,gson,C4,P05 Gson C4 Combined,test-execution,177.065,28.45,,
32649569549,gson,C3,P05 Gson C3 Consolidated,test-execution,266.288,47.4,,
32649567089,gson,C2,P05 Gson C2 Tests,test-execution,211.359,32.63,,
32649566600,gson,C1,P05 Gson C1 Tests,checkout,10.0319,2.07,,
32649566600,gson,C1,P05 Gson C1 Tests,test-execution,253.092,43.72,,
32649563846,resty,C2,P04 resty C2 Tests,checkout,7.77053,1.69,,
32649563846,resty,C2,P04 resty C2 Tests,dependency-installation,38.4788,8.92,,
32649563846,resty,C2,P04 resty C2 Tests,test-execution,184.23,80.45,,
32649563940,resty,C4,P04 resty C4 Combined,checkout,6.34607,1.73,,
32649563940,resty,C4,P04 resty C4 Combined,dependency-installation,44.0416,11.57,,
32649563940,resty,C4,P04 resty C4 Combined,test-execution,179.155,78.28,,
32649563398,resty,C3,P04 resty C3 Consolidated,checkout,7.45515,1.73,,
32649563398,resty,C3,P04 resty C3 Consolidated,dependency-installation,46.4455,12.15,,
32649563398,resty,C3,P04 resty C3 Consolidated,test-execution,190.738,81.31,,
32649559803,resty,C1,P04 resty C1 Tests,checkout,5.36256,1.53,,
32649559803,resty,C1,P04 resty C1 Tests,dependency-installation,36.4891,8.93,,
32649559803,resty,C1,P04 resty C1 Tests,test-execution,182.966,80.1,,
32649559210,retrofit,C4,P03 Retrofit C4 Combined,checkout,4.78089,1.32,,
32649559210,retrofit,C4,P03 Retrofit C4 Combined,test-execution,340.575,66.09,,
32649557233,retrofit,C2,P03 Retrofit C2 Tests,checkout,6.04983,1.36,,
32649557233,retrofit,C2,P03 Retrofit C2 Tests,test-execution,337.534,64.98,,
32649557244,retrofit,C3,P03 Retrofit C3 Consolidated,checkout,5.63699,1.28,,
32649557244,retrofit,C3,P03 Retrofit C3 Consolidated,test-execution,559.398,107.41,,
32649552361,retrofit,C1,P03 Retrofit C1 Tests,test-execution,530.335,102.46,,
32649549767,got,C4,P02 got C4 Combined,checkout,5.26638,1.4,,
32649549767,got,C4,P02 got C4 Combined,dependency-installation,144.121,31.19,,
32649549767,got,C4,P02 got C4 Combined,test-execution,324.794,64.23,,
32649549767,got,C4,P02 got C4 Combined,dependency-installation,156.284,31.72,,
32649549767,got,C4,P02 got C4 Combined,test-execution,323.589,65.95,,
32649550119,got,C3,P02 got C3 Consolidated,checkout,4.40636,1.24,,
32649550119,got,C3,P02 got C3 Consolidated,dependency-installation,155.064,33.71,,
32649550119,got,C3,P02 got C3 Consolidated,test-execution,323.124,63.49,,
32649550119,got,C3,P02 got C3 Consolidated,checkout,2.54643,1.07,,
32649550119,got,C3,P02 got C3 Consolidated,dependency-installation,149.302,33.49,,
32649550119,got,C3,P02 got C3 Consolidated,test-execution,325.199,66.19,,
32649545087,got,C2,P02 got C2 Tests,checkout,5.03783,1.38,,
32649545087,got,C2,P02 got C2 Tests,dependency-installation,176.587,36.89,,
32649545087,got,C2,P02 got C2 Tests,test-execution,374.031,72.63,,
32649545087,got,C2,P02 got C2 Tests,checkout,4.69631,1.09,,
32649545087,got,C2,P02 got C2 Tests,dependency-installation,171.007,36.54,,
32649545087,got,C2,P02 got C2 Tests,test-execution,330.971,67.18,,
32649543619,got,C1,P02 got C1 Tests,dependency-installation,190.252,44.1,,
32649543619,got,C1,P02 got C1 Tests,test-execution,313.94,62.67,,
32649543619,got,C1,P02 got C1 Tests,checkout,5.32638,1.31,,
32649543619,got,C1,P02 got C1 Tests,dependency-installation,199.782,41.65,,
32649543619,got,C1,P02 got C1 Tests,test-execution,289.691,59.39,,
32649541767,httpie,C4,P01 HTTPie C4 Combined,checkout,4.79946,1.09,,
32649541767,httpie,C4,P01 HTTPie C4 Combined,dependency-installation,99.1477,23.59,,
32649541767,httpie,C4,P01 HTTPie C4 Combined,coverage,379.967,105.11,,
32649541767,httpie,C4,P01 HTTPie C4 Combined,dist-test,79.2432,19.39,,
32649541767,httpie,C4,P01 HTTPie C4 Combined,checkout,12.6785,2.7,,3.12
32649541767,httpie,C4,P01 HTTPie C4 Combined,dependency-installation,77.7898,19.18,,3.12
32649541767,httpie,C4,P01 HTTPie C4 Combined,test-execution,340.812,96.17,,3.12
32649541767,httpie,C4,P01 HTTPie C4 Combined,checkout,8.15309,1.76,,3.11
32649541767,httpie,C4,P01 HTTPie C4 Combined,dependency-installation,133.881,28.45,,3.11
32649541767,httpie,C4,P01 HTTPie C4 Combined,test-execution,301.016,82.38,,3.11
32649541767,httpie,C4,P01 HTTPie C4 Combined,checkout,6.32583,1.42,,3.10
32649541767,httpie,C4,P01 HTTPie C4 Combined,dependency-installation,64.9149,15.51,,3.10
32649541767,httpie,C4,P01 HTTPie C4 Combined,test-execution,314.991,84.66,,3.10
32649541767,httpie,C4,P01 HTTPie C4 Combined,checkout,4.53376,1.24,,
32649541767,httpie,C4,P01 HTTPie C4 Combined,dependency-installation,56.6244,14.1,,
32649541767,httpie,C4,P01 HTTPie C4 Combined,lint,69.8722,17.11,,
32649534453,httpie,C2,P01 HTTPie C2 Tests,checkout,8.88876,1.98,,3.10
32649534453,httpie,C2,P01 HTTPie C2 Tests,dependency-installation,99.6648,24.5,,3.10
32649534453,httpie,C2,P01 HTTPie C2 Tests,test-execution,370.916,103.69,,3.10
32649534453,httpie,C2,P01 HTTPie C2 Tests,dependency-installation,89.3972,21.62,,3.12
32649534453,httpie,C2,P01 HTTPie C2 Tests,test-execution,349.527,97.73,,3.12
32649534453,httpie,C2,P01 HTTPie C2 Tests,checkout,7.02153,1.58,,3.11
32649534453,httpie,C2,P01 HTTPie C2 Tests,dependency-installation,92.9049,22.27,,3.11
32649534453,httpie,C2,P01 HTTPie C2 Tests,test-execution,290.284,80.4,,3.11
32649533947,httpie,C1,P01 HTTPie C1 Coverage,checkout,8.81368,1.95,,
32649533947,httpie,C1,P01 HTTPie C1 Coverage,dependency-installation,110.701,27.21,,
32649533947,httpie,C1,P01 HTTPie C1 Coverage,coverage,368.534,102.92,,
32649533947,httpie,C1,P01 HTTPie C1 Coverage,dist-test,81.2885,19.96,,
32649531331,httpie,C1,P01 HTTPie C1 Tests,checkout,5.31444,1.23,,3.10
32649531331,httpie,C1,P01 HTTPie C1 Tests,dependency-installation,102.142,24.46,,3.10
32649531331,httpie,C1,P01 HTTPie C1 Tests,test-execution,347.173,97.49,,3.10
32649531331,httpie,C1,P01 HTTPie C1 Tests,checkout,11.9645,2.43,,3.11
32649531331,httpie,C1,P01 HTTPie C1 Tests,dependency-installation,96.9389,24.21,,3.11
32649531331,httpie,C1,P01 HTTPie C1 Tests,test-execution,316.032,90.01,,3.11
32649531331,httpie,C1,P01 HTTPie C1 Tests,checkout,4.5735,1.22,,3.12
32649531331,httpie,C1,P01 HTTPie C1 Tests,dependency-installation,88.4671,21.9,,3.12
32649531331,httpie,C1,P01 HTTPie C1 Tests,test-execution,295.585,83.76,,3.12
32649529212,httpie,C1,P01 HTTPie C1 Code Style,dependency-installation,53.1172,12.72,,
32649529212,httpie,C1,P01 HTTPie C1 Code Style,lint,72.2465,17.99,,
32649453945,httpie,C2,P01 HTTPie C2 Code Style,dependency-installation,54.7178,13.17,,
32649453945,httpie,C2,P01 HTTPie C2 Code Style,lint,68.0626,16.79,,
32649453561,httpie,C2,P01 HTTPie C2 Coverage,dependency-installation,104.181,25.19,,
32649453561,httpie,C2,P01 HTTPie C2 Coverage,coverage,401.054,110.24,,
32649453561,httpie,C2,P01 HTTPie C2 Coverage,dist-test,82.9538,20.36,,
32649454080,httpie,C3,P01 HTTPie C3 Consolidated,dependency-installation,102.592,25.61,,
32649454080,httpie,C3,P01 HTTPie C3 Consolidated,coverage,362.348,101.13,,
32649454080,httpie,C3,P01 HTTPie C3 Consolidated,dist-test,78.5601,19.39,,
32649454080,httpie,C3,P01 HTTPie C3 Consolidated,checkout,6.75276,1.54,,3.11
32649454080,httpie,C3,P01 HTTPie C3 Consolidated,dependency-installation,111.267,26.83,,3.11
32649454080,httpie,C3,P01 HTTPie C3 Consolidated,test-execution,347.791,97.57,,3.11
32649454080,httpie,C3,P01 HTTPie C3 Consolidated,checkout,11.0177,2.32,,3.12
32649454080,httpie,C3,P01 HTTPie C3 Consolidated,dependency-installation,108.662,27.09,,3.12
32649454080,httpie,C3,P01 HTTPie C3 Consolidated,test-execution,343.197,96.05,,3.12
32649454080,httpie,C3,P01 HTTPie C3 Consolidated,checkout,6.91875,1.57,,3.10
32649454080,httpie,C3,P01 HTTPie C3 Consolidated,dependency-installation,117.936,27.87,,3.10
32649454080,httpie,C3,P01 HTTPie C3 Consolidated,test-execution,327.444,85.44,,3.10
32649454080,httpie,C3,P01 HTTPie C3 Consolidated,checkout,3.81146,1.07,,
32649454080,httpie,C3,P01 HTTPie C3 Consolidated,dependency-installation,44.0623,10.63,,
32649454080,httpie,C3,P01 HTTPie C3 Consolidated,lint,59.9852,14.81,,
32649311771,gson,C4,P05 Gson C4 Combined,checkout,5.7783,1.64,,
32649311771,gson,C4,P05 Gson C4 Combined,test-execution,182.754,30.71,,
32649309491,gson,C3,P05 Gson C3 Consolidated,checkout,5.29158,1.44,,
32649309491,gson,C3,P05 Gson C3 Consolidated,test-execution,267.886,47.16,,
32649306716,gson,C2,P05 Gson C2 Tests,checkout,4.23406,1.17,,
32649306716,gson,C2,P05 Gson C2 Tests,test-execution,231.906,37.19,,
32649306427,gson,C1,P05 Gson C1 Tests,checkout,3.73023,1.38,,
32649306427,gson,C1,P05 Gson C1 Tests,test-execution,277.078,51.19,,
32649303652,resty,C2,P04 resty C2 Tests,checkout,15.1638,3.69,,
32649303652,resty,C2,P04 resty C2 Tests,dependency-installation,48.6778,11.77,,
32649303652,resty,C2,P04 resty C2 Tests,test-execution,230.727,80.03,,
32649303685,resty,C4,P04 resty C4 Combined,checkout,6.2577,1.85,,
32649303685,resty,C4,P04 resty C4 Combined,dependency-installation,42.3303,10.69,,
32649303685,resty,C4,P04 resty C4 Combined,test-execution,189.038,81.05,,
32649302948,resty,C3,P04 resty C3 Consolidated,dependency-installation,42.4339,10.05,,
32649302948,resty,C3,P04 resty C3 Consolidated,test-execution,180.64,80.06,,
32649299683,resty,C1,P04 resty C1 Tests,checkout,6.32433,1.83,,
32649299683,resty,C1,P04 resty C1 Tests,dependency-installation,39.875,9.67,,
32649299683,resty,C1,P04 resty C1 Tests,test-execution,184.099,81.22,,
32649298960,retrofit,C4,P03 Retrofit C4 Combined,test-execution,335.997,65.55,,
32649297280,retrofit,C3,P03 Retrofit C3 Consolidated,test-execution,367.649,72.15,,
32649297388,retrofit,C2,P03 Retrofit C2 Tests,test-execution,342.26,65.49,,
32649292085,retrofit,C1,P03 Retrofit C1 Tests,checkout,6.11377,1.36,,
32649292085,retrofit,C1,P03 Retrofit C1 Tests,test-execution,454.555,79.74,,
32649290599,got,C3,P02 got C3 Consolidated,checkout,6.35145,1.43,,
32649290599,got,C3,P02 got C3 Consolidated,dependency-installation,200.81,44.7,,
32649290599,got,C3,P02 got C3 Consolidated,test-execution,326.472,66.78,,
32649290599,got,C3,P02 got C3 Consolidated,checkout,3.21167,1.13,,
32649290599,got,C3,P02 got C3 Consolidated,dependency-installation,184.356,39.09,,
32649290599,got,C3,P02 got C3 Consolidated,test-execution,388.879,74.76,,
32649290110,got,C4,P02 got C4 Combined,checkout,3.56243,1.15,,
32649290110,got,C4,P02 got C4 Combined,dependency-installation,145.373,31.54,,
32649290110,got,C4,P02 got C4 Combined,test-execution,389.356,74.62,,
32649290110,got,C4,P02 got C4 Combined,dependency-installation,111.15,23.73,,
32649290110,got,C4,P02 got C4 Combined,test-execution,270.551,57.01,,
32649285773,got,C2,P02 got C2 Tests,checkout,5.31182,1.2,,
32649285773,got,C2,P02 got C2 Tests,dependency-installation,166.253,39.35,,
32649285773,got,C2,P02 got C2 Tests,test-execution,320.776,66.33,,
32649285773,got,C2,P02 got C2 Tests,dependency-installation,141.051,28.57,,
32649285773,got,C2,P02 got C2 Tests,test-execution,390.303,74.66,,
32649285015,got,C1,P02 got C1 Tests,dependency-installation,163.667,34.8,,
32649285015,got,C1,P02 got C1 Tests,test-execution,374.521,72.88,,
32649285015,got,C1,P02 got C1 Tests,dependency-installation,173.336,36.44,,
32649285015,got,C1,P02 got C1 Tests,test-execution,318.241,65.06,,
32649283522,httpie,C4,P01 HTTPie C4 Combined,dependency-installation,94.7197,22.34,,
32649283522,httpie,C4,P01 HTTPie C4 Combined,coverage,366.574,101.59,,
32649283522,httpie,C4,P01 HTTPie C4 Combined,dist-test,78.8575,19.3,,
32649283522,httpie,C4,P01 HTTPie C4 Combined,checkout,5.29338,1.19,,3.10
32649283522,httpie,C4,P01 HTTPie C4 Combined,dependency-installation,102.027,24.85,,3.10
32649283522,httpie,C4,P01 HTTPie C4 Combined,test-execution,361.67,100.99,,3.10
32649283522,httpie,C4,P01 HTTPie C4 Combined,checkout,7.25582,1.76,,3.12
32649283522,httpie,C4,P01 HTTPie C4 Combined,dependency-installation,86.8505,20.23,,3.12
32649283522,httpie,C4,P01 HTTPie C4 Combined,test-execution,346.427,90.54,,3.12
32649283522,httpie,C4,P01 HTTPie C4 Combined,checkout,5.1642,1.5,,3.11
32649283522,httpie,C4,P01 HTTPie C4 Combined,dependency-installation,63.2734,15.86,,3.11
32649283522,httpie,C4,P01 HTTPie C4 Combined,test-execution,293.684,85.64,,3.11
32649283522,httpie,C4,P01 HTTPie C4 Combined,checkout,7.4998,1.72,,
32649283522,httpie,C4,P01 HTTPie C4 Combined,dependency-installation,59.7578,13.43,,
32649283522,httpie,C4,P01 HTTPie C4 Combined,lint,63.9826,14.8,,
32649276829,httpie,C2,P01 HTTPie C2 Tests,checkout,6.19777,1.42,,3.12
32649276829,httpie,C2,P01 HTTPie C2 Tests,dependency-installation,69.1527,17.11,,3.12
32649276829,httpie,C2,P01 HTTPie C2 Tests,test-execution,327.279,92.47,,3.12
32649276829,httpie,C2,P01 HTTPie C2 Tests,dependency-installation,71.2551,17.19,,3.11
32649276829,httpie,C2,P01 HTTPie C2 Tests,test-execution,312.714,89.06,,3.11
32649276829,httpie,C2,P01 HTTPie C2 Tests,dependency-installation,79.8241,19.66,,3.10
32649276829,httpie,C2,P01 HTTPie C2 Tests,test-execution,283.996,82.61,,3.10
32649276818,httpie,C1,P01 HTTPie C1 Coverage,dependency-installation,101.469,24.98,,
32649276818,httpie,C1,P01 HTTPie C1 Coverage,coverage,372.266,103.12,,
32649276818,httpie,C1,P01 HTTPie C1 Coverage,dist-test,79.2633,19.51,,
32649273718,httpie,C1,P01 HTTPie C1 Tests,checkout,6.50096,1.45,,3.12
32649273718,httpie,C1,P01 HTTPie C1 Tests,dependency-installation,110.968,27.04,,3.12
32649273718,httpie,C1,P01 HTTPie C1 Tests,test-execution,337.497,95.15,,3.12
32649273718,httpie,C1,P01 HTTPie C1 Tests,checkout,4.97141,1.18,,3.10
32649273718,httpie,C1,P01 HTTPie C1 Tests,dependency-installation,99.2919,24.02,,3.10
32649273718,httpie,C1,P01 HTTPie C1 Tests,test-execution,342.04,96.97,,3.10
32649273718,httpie,C1,P01 HTTPie C1 Tests,checkout,3.93657,1.67,,3.11
32649273718,httpie,C1,P01 HTTPie C1 Tests,dependency-installation,90.8684,22.88,,3.11
32649273718,httpie,C1,P01 HTTPie C1 Tests,test-execution,323.354,92.63,,3.11
32649272643,httpie,C1,P01 HTTPie C1 Code Style,checkout,6.26521,1.45,,
32649272643,httpie,C1,P01 HTTPie C1 Code Style,dependency-installation,45.4357,10.39,,
32649272643,httpie,C1,P01 HTTPie C1 Code Style,lint,84.1108,19.54,,
32649194752,httpie,C3,P01 HTTPie C3 Consolidated,checkout,5.42185,1.46,,
32649194752,httpie,C3,P01 HTTPie C3 Consolidated,dependency-installation,82.6824,20.45,,
32649194752,httpie,C3,P01 HTTPie C3 Consolidated,coverage,314.148,88.79,,
32649194752,httpie,C3,P01 HTTPie C3 Consolidated,dist-test,61.4587,15.13,,
32649194752,httpie,C3,P01 HTTPie C3 Consolidated,checkout,3.43035,1.2,,3.11
32649194752,httpie,C3,P01 HTTPie C3 Consolidated,dependency-installation,98.0804,24.17,,3.11
32649194752,httpie,C3,P01 HTTPie C3 Consolidated,test-execution,335.726,95.14,,3.11
32649194752,httpie,C3,P01 HTTPie C3 Consolidated,dependency-installation,104.91,25.76,,3.10
32649194752,httpie,C3,P01 HTTPie C3 Consolidated,test-execution,344.307,96.56,,3.10
32649194752,httpie,C3,P01 HTTPie C3 Consolidated,checkout,4.12695,1.16,,3.12
32649194752,httpie,C3,P01 HTTPie C3 Consolidated,dependency-installation,95.6836,23.59,,3.12
32649194752,httpie,C3,P01 HTTPie C3 Consolidated,test-execution,322.617,89.38,,3.12
32649194752,httpie,C3,P01 HTTPie C3 Consolidated,checkout,6.41073,1.59,,
32649194752,httpie,C3,P01 HTTPie C3 Consolidated,dependency-installation,69.6562,14.64,,
32649194752,httpie,C3,P01 HTTPie C3 Consolidated,lint,75.7554,18.28,,
32649194740,httpie,C2,P01 HTTPie C2 Code Style,dependency-installation,52.8568,12.7,,
32649194740,httpie,C2,P01 HTTPie C2 Code Style,lint,59.8412,14.37,,
32649194100,httpie,C2,P01 HTTPie C2 Coverage,checkout,4.43256,1.22,,
32649194100,httpie,C2,P01 HTTPie C2 Coverage,dependency-installation,81.7176,20.12,,
32649194100,httpie,C2,P01 HTTPie C2 Coverage,coverage,382.692,105.6,,
32649194100,httpie,C2,P01 HTTPie C2 Coverage,dist-test,78.8172,19.32,,
32649049904,gson,C4,P05 Gson C4 Combined,checkout,2.67126,1.07,,
32649049904,gson,C4,P05 Gson C4 Combined,test-execution,213.555,33.91,,
32649047955,gson,C3,P05 Gson C3 Consolidated,checkout,4.94261,1.09,,
32649047955,gson,C3,P05 Gson C3 Consolidated,test-execution,267.994,46.45,,
32649045676,gson,C2,P05 Gson C2 Tests,checkout,5.98455,1.48,,
32649045676,gson,C2,P05 Gson C2 Tests,test-execution,183.589,29.42,,
32649044867,gson,C1,P05 Gson C1 Tests,checkout,3.15461,1.36,,
32649044867,gson,C1,P05 Gson C1 Tests,test-execution,253.968,44.46,,
32649043539,resty,C2,P04 resty C2 Tests,checkout,4.45435,1.34,,
32649043539,resty,C2,P04 resty C2 Tests,dependency-installation,35.0476,8.73,,
32649043539,resty,C2,P04 resty C2 Tests,test-execution,185.127,80.28,,
32649043532,resty,C4,P04 resty C4 Combined,checkout,5.68207,1.94,,
32649043532,resty,C4,P04 resty C4 Combined,dependency-installation,35.4426,9.17,,
32649043532,resty,C4,P04 resty C4 Combined,test-execution,176.027,78.38,,
32649042694,resty,C3,P04 resty C3 Consolidated,checkout,3.27424,1.73,,
32649042694,resty,C3,P04 resty C3 Consolidated,dependency-installation,47.436,11.85,,
32649042694,resty,C3,P04 resty C3 Consolidated,test-execution,181.523,81.58,,
32649039365,resty,C1,P04 resty C1 Tests,checkout,11.8535,2.39,,
32649039365,resty,C1,P04 resty C1 Tests,dependency-installation,38.9015,9.22,,
32649039365,resty,C1,P04 resty C1 Tests,test-execution,182.271,79.96,,
32649038926,retrofit,C4,P03 Retrofit C4 Combined,checkout,3.99164,1.27,,
32649038926,retrofit,C4,P03 Retrofit C4 Combined,test-execution,310.405,59.41,,
32649037505,retrofit,C2,P03 Retrofit C2 Tests,checkout,3.01607,1.18,,
32649037505,retrofit,C2,P03 Retrofit C2 Tests,test-execution,333.309,64.96,,
32649037714,retrofit,C3,P03 Retrofit C3 Consolidated,test-execution,508.404,92.48,,
32649033953,retrofit,C1,P03 Retrofit C1 Tests,checkout,3.97705,1.16,,
32649033953,retrofit,C1,P03 Retrofit C1 Tests,test-execution,525.309,94.38,,
32649032648,got,C3,P02 got C3 Consolidated,checkout,5.99931,1.36,,
32649032648,got,C3,P02 got C3 Consolidated,dependency-installation,129.593,25.92,,
32649032648,got,C3,P02 got C3 Consolidated,test-execution,319.639,61.53,,
32649032648,got,C3,P02 got C3 Consolidated,dependency-installation,161.279,33.92,,
32649032648,got,C3,P02 got C3 Consolidated,test-execution,334.597,68.05,,
32649031907,got,C4,P02 got C4 Combined,checkout,4.79633,1.1,,
32649031907,got,C4,P02 got C4 Combined,dependency-installation,179.843,38.02,,
32649031907,got,C4,P02 got C4 Combined,test-execution,382.152,72.9,,
32649031907,got,C4,P02 got C4 Combined,checkout,4.40727,1.12,,
32649031907,got,C4,P02 got C4 Combined,dependency-installation,130.047,27.14,,
32649031907,got,C4,P02 got C4 Combined,test-execution,314.679,64.94,,
32649028217,got,C2,P02 got C2 Tests,checkout,5.11062,1.17,,
32649028217,got,C2,P02 got C2 Tests,dependency-installation,156.15,35.03,,
32649028217,got,C2,P02 got C2 Tests,test-execution,336.917,68.65,,
32649028217,got,C2,P02 got C2 Tests,checkout,5.93903,1.45,,
32649028217,got,C2,P02 got C2 Tests,dependency-installation,152.952,33.6,,
32649028217,got,C2,P02 got C2 Tests,test-execution,318.518,61.97,,
32649027205,got,C1,P02 got C1 Tests,checkout,3.67948,1.05,,
32649027205,got,C1,P02 got C1 Tests,dependency-installation,163.654,35.8,,
32649027205,got,C1,P02 got C1 Tests,test-execution,372.052,71.93,,
32649027205,got,C1,P02 got C1 Tests,checkout,6.4487,1.38,,
32649027205,got,C1,P02 got C1 Tests,dependency-installation,143.689,30.86,,
32649027205,got,C1,P02 got C1 Tests,test-execution,322.112,65.66,,
32649025275,httpie,C4,P01 HTTPie C4 Combined,checkout,5.56516,1.4,,
32649025275,httpie,C4,P01 HTTPie C4 Combined,dependency-installation,93.302,23.18,,
32649025275,httpie,C4,P01 HTTPie C4 Combined,coverage,380.868,105.39,,
32649025275,httpie,C4,P01 HTTPie C4 Combined,dist-test,82.3056,20.39,,
32649025275,httpie,C4,P01 HTTPie C4 Combined,dependency-installation,87.6374,21.19,,3.12
32649025275,httpie,C4,P01 HTTPie C4 Combined,test-execution,346.654,97.03,,3.12
32649025275,httpie,C4,P01 HTTPie C4 Combined,checkout,7.36506,1.68,,3.11
32649025275,httpie,C4,P01 HTTPie C4 Combined,dependency-installation,85.122,20.61,,3.11
32649025275,httpie,C4,P01 HTTPie C4 Combined,test-execution,337.934,96.17,,3.11
32649025275,httpie,C4,P01 HTTPie C4 Combined,checkout,8.70144,1.96,,3.10
32649025275,httpie,C4,P01 HTTPie C4 Combined,dependency-installation,107.124,24.23,,3.10
32649025275,httpie,C4,P01 HTTPie C4 Combined,test-execution,347.105,91.69,,3.10
32649025275,httpie,C4,P01 HTTPie C4 Combined,checkout,3.08333,1.17,,
32649025275,httpie,C4,P01 HTTPie C4 Combined,dependency-installation,56.2448,14.07,,
32649025275,httpie,C4,P01 HTTPie C4 Combined,lint,70.9682,17.65,,
32649017246,httpie,C2,P01 HTTPie C2 Tests,checkout,5.03568,1.54,,3.10
32649017246,httpie,C2,P01 HTTPie C2 Tests,dependency-installation,126.389,30.37,,3.10
32649017246,httpie,C2,P01 HTTPie C2 Tests,test-execution,381.28,106.18,,3.10
32649017246,httpie,C2,P01 HTTPie C2 Tests,checkout,9.24873,2.06,,3.12
32649017246,httpie,C2,P01 HTTPie C2 Tests,dependency-installation,82.5496,20.41,,3.12
32649017246,httpie,C2,P01 HTTPie C2 Tests,test-execution,357.706,100.08,,3.12
32649017246,httpie,C2,P01 HTTPie C2 Tests,checkout,3.23591,1.08,,3.11
32649017246,httpie,C2,P01 HTTPie C2 Tests,dependency-installation,63.8837,16.0,,3.11
32649017246,httpie,C2,P01 HTTPie C2 Tests,test-execution,309.687,87.69,,3.11
32649017079,httpie,C1,P01 HTTPie C1 Coverage,dependency-installation,97.8305,23.86,,
32649017079,httpie,C1,P01 HTTPie C1 Coverage,coverage,366.756,101.6,,
32649017079,httpie,C1,P01 HTTPie C1 Coverage,dist-test,76.915,18.89,,
32649013725,httpie,C1,P01 HTTPie C1 Tests,checkout,8.16554,1.82,,3.11
32649013725,httpie,C1,P01 HTTPie C1 Tests,dependency-installation,120.653,30.04,,3.11
32649013725,httpie,C1,P01 HTTPie C1 Tests,test-execution,337.579,95.4,,3.11
32649013725,httpie,C1,P01 HTTPie C1 Tests,checkout,5.772,1.57,,3.12
32649013725,httpie,C1,P01 HTTPie C1 Tests,dependency-installation,96.0161,23.93,,3.12
32649013725,httpie,C1,P01 HTTPie C1 Tests,test-execution,341.385,97.06,,3.12
32649013725,httpie,C1,P01 HTTPie C1 Tests,checkout,4.18947,1.13,,3.10
32649013725,httpie,C1,P01 HTTPie C1 Tests,dependency-installation,90.6738,22.12,,3.10
32649013725,httpie,C1,P01 HTTPie C1 Tests,test-execution,337.888,95.15,,3.10
32649012361,httpie,C1,P01 HTTPie C1 Code Style,checkout,4.45656,1.48,,
32649012361,httpie,C1,P01 HTTPie C1 Code Style,dependency-installation,50.0385,12.45,,
32649012361,httpie,C1,P01 HTTPie C1 Code Style,lint,85.9298,21.44,,
32648934112,httpie,C2,P01 HTTPie C2 Coverage,checkout,6.6364,1.84,,
32648934112,httpie,C2,P01 HTTPie C2 Coverage,dependency-installation,104.222,25.8,,
32648934112,httpie,C2,P01 HTTPie C2 Coverage,coverage,403.466,111.44,,
32648934112,httpie,C2,P01 HTTPie C2 Coverage,dist-test,86.767,21.12,,
32648933998,httpie,C2,P01 HTTPie C2 Code Style,checkout,6.52151,1.51,,
32648933998,httpie,C2,P01 HTTPie C2 Code Style,dependency-installation,60.7615,13.21,,
32648933998,httpie,C2,P01 HTTPie C2 Code Style,lint,72.7306,16.46,,
32648933902,httpie,C3,P01 HTTPie C3 Consolidated,dependency-installation,114.487,27.48,,
32648933902,httpie,C3,P01 HTTPie C3 Consolidated,coverage,397.816,108.79,,
32648933902,httpie,C3,P01 HTTPie C3 Consolidated,dist-test,85.63,20.97,,
32648933902,httpie,C3,P01 HTTPie C3 Consolidated,checkout,5.19259,1.48,,3.11
32648933902,httpie,C3,P01 HTTPie C3 Consolidated,dependency-installation,100.753,25.61,,3.11
32648933902,httpie,C3,P01 HTTPie C3 Consolidated,test-execution,333.669,94.69,,3.11
32648933902,httpie,C3,P01 HTTPie C3 Consolidated,checkout,3.05433,1.23,,3.12
32648933902,httpie,C3,P01 HTTPie C3 Consolidated,dependency-installation,88.2408,21.91,,3.12
32648933902,httpie,C3,P01 HTTPie C3 Consolidated,test-execution,346.32,97.78,,3.12
32648933902,httpie,C3,P01 HTTPie C3 Consolidated,checkout,5.28258,1.43,,3.10
32648933902,httpie,C3,P01 HTTPie C3 Consolidated,dependency-installation,75.1547,18.2,,3.10
32648933902,httpie,C3,P01 HTTPie C3 Consolidated,test-execution,300.673,85.52,,3.10
32648933902,httpie,C3,P01 HTTPie C3 Consolidated,checkout,6.34704,1.51,,
32648933902,httpie,C3,P01 HTTPie C3 Consolidated,dependency-installation,59.4837,14.25,,
32648933902,httpie,C3,P01 HTTPie C3 Consolidated,lint,76.9285,18.98,,
32648790711,gson,C4,P05 Gson C4 Combined,checkout,4.25681,1.15,,
32648790711,gson,C4,P05 Gson C4 Combined,test-execution,214.645,33.72,,
32648787955,gson,C3,P05 Gson C3 Consolidated,test-execution,257.667,44.17,,
32648785697,gson,C2,P05 Gson C2 Tests,checkout,4.12405,1.17,,
32648785697,gson,C2,P05 Gson C2 Tests,test-execution,236.282,37.46,,
32648784255,gson,C1,P05 Gson C1 Tests,checkout,5.2212,1.39,,
32648784255,gson,C1,P05 Gson C1 Tests,test-execution,258.693,47.1,,
32648781366,resty,C2,P04 resty C2 Tests,checkout,7.30645,1.69,,
32648781366,resty,C2,P04 resty C2 Tests,dependency-installation,45.4241,11.86,,
32648781366,resty,C2,P04 resty C2 Tests,test-execution,186.493,80.18,,
32648781388,resty,C4,P04 resty C4 Combined,checkout,8.77295,1.98,,
32648781388,resty,C4,P04 resty C4 Combined,dependency-installation,43.6856,11.41,,
32648781388,resty,C4,P04 resty C4 Combined,test-execution,180.788,80.39,,
32648780573,resty,C3,P04 resty C3 Consolidated,checkout,6.7332,1.81,,
32648780573,resty,C3,P04 resty C3 Consolidated,dependency-installation,34.5145,8.54,,
32648780573,resty,C3,P04 resty C3 Consolidated,test-execution,226.092,80.87,,
32648776746,resty,C1,P04 resty C1 Tests,checkout,9.07102,2.03,,
32648776746,resty,C1,P04 resty C1 Tests,dependency-installation,36.4838,8.64,,
32648776746,resty,C1,P04 resty C1 Tests,test-execution,183.56,79.18,,
32648775554,retrofit,C4,P03 Retrofit C4 Combined,checkout,6.20072,1.39,,
32648775554,retrofit,C4,P03 Retrofit C4 Combined,test-execution,341.79,65.98,,
32648772739,retrofit,C3,P03 Retrofit C3 Consolidated,test-execution,534.762,94.81,,
32648772051,retrofit,C2,P03 Retrofit C2 Tests,checkout,3.11056,1.32,,
32648772051,retrofit,C2,P03 Retrofit C2 Tests,test-execution,342.667,67.06,,
32648767273,retrofit,C1,P03 Retrofit C1 Tests,checkout,4.85462,1.31,,
32648767273,retrofit,C1,P03 Retrofit C1 Tests,test-execution,517.547,96.54,,
32648764238,got,C3,P02 got C3 Consolidated,checkout,4.63845,1.08,,
32648764238,got,C3,P02 got C3 Consolidated,dependency-installation,159.109,34.21,,
32648764238,got,C3,P02 got C3 Consolidated,test-execution,392.353,75.08,,
32648764238,got,C3,P02 got C3 Consolidated,checkout,3.17574,1.38,,
32648764238,got,C3,P02 got C3 Consolidated,dependency-installation,156.584,36.15,,
32648764238,got,C3,P02 got C3 Consolidated,test-execution,325.103,66.68,,
32648763789,got,C4,P02 got C4 Combined,checkout,4.99298,1.43,,
32648763789,got,C4,P02 got C4 Combined,dependency-installation,183.762,40.39,,
32648763789,got,C4,P02 got C4 Combined,test-execution,373.326,71.82,,
32648763789,got,C4,P02 got C4 Combined,checkout,5.72972,1.31,,
32648763789,got,C4,P02 got C4 Combined,dependency-installation,142.62,31.41,,
32648763789,got,C4,P02 got C4 Combined,test-execution,315.104,64.44,,
32648759079,got,C2,P02 got C2 Tests,dependency-installation,144.795,30.35,,
32648759079,got,C2,P02 got C2 Tests,test-execution,381.52,73.58,,
32648759079,got,C2,P02 got C2 Tests,dependency-installation,144.014,31.24,,
32648759079,got,C2,P02 got C2 Tests,test-execution,349.29,69.83,,
32648757707,got,C1,P02 got C1 Tests,checkout,4.83019,1.36,,
32648757707,got,C1,P02 got C1 Tests,dependency-installation,185.755,39.87,,
32648757707,got,C1,P02 got C1 Tests,test-execution,335.788,66.58,,
32648757707,got,C1,P02 got C1 Tests,checkout,5.12309,1.18,,
32648757707,got,C1,P02 got C1 Tests,dependency-installation,165.436,35.64,,
32648757707,got,C1,P02 got C1 Tests,test-execution,331.848,67.18,,
32648755606,httpie,C4,P01 HTTPie C4 Combined,dependency-installation,76.7085,18.78,,
32648755606,httpie,C4,P01 HTTPie C4 Combined,coverage,367.029,102.16,,
32648755606,httpie,C4,P01 HTTPie C4 Combined,dist-test,78.2519,19.25,,
32648755606,httpie,C4,P01 HTTPie C4 Combined,checkout,4.45073,1.14,,3.10
32648755606,httpie,C4,P01 HTTPie C4 Combined,dependency-installation,89.4902,22.15,,3.10
32648755606,httpie,C4,P01 HTTPie C4 Combined,test-execution,354.54,100.01,,3.10
32648755606,httpie,C4,P01 HTTPie C4 Combined,checkout,5.21186,1.19,,3.11
32648755606,httpie,C4,P01 HTTPie C4 Combined,dependency-installation,79.5727,19.22,,3.11
32648755606,httpie,C4,P01 HTTPie C4 Combined,test-execution,325.556,92.46,,3.11
32648755606,httpie,C4,P01 HTTPie C4 Combined,dependency-installation,72.8156,17.98,,3.12
32648755606,httpie,C4,P01 HTTPie C4 Combined,test-execution,285.004,82.97,,3.12
32648755606,httpie,C4,P01 HTTPie C4 Combined,checkout,5.43548,1.23,,
32648755606,httpie,C4,P01 HTTPie C4 Combined,dependency-installation,68.6814,16.44,,
32648755606,httpie,C4,P01 HTTPie C4 Combined,lint,74.5048,18.05,,
32648746289,httpie,C2,P01 HTTPie C2 Tests,checkout,4.34752,1.25,,3.12
32648746289,httpie,C2,P01 HTTPie C2 Tests,dependency-installation,84.2907,20.57,,3.12
32648746289,httpie,C2,P01 HTTPie C2 Tests,test-execution,344.02,96.43,,3.12
32648746289,httpie,C2,P01 HTTPie C2 Tests,checkout,4.66343,1.15,,3.10
32648746289,httpie,C2,P01 HTTPie C2 Tests,dependency-installation,85.97,20.8,,3.10
32648746289,httpie,C2,P01 HTTPie C2 Tests,test-execution,341.881,95.82,,3.10
32648746289,httpie,C2,P01 HTTPie C2 Tests,checkout,9.13483,2.3,,3.11
32648746289,httpie,C2,P01 HTTPie C2 Tests,dependency-installation,92.9679,22.98,,3.11
32648746289,httpie,C2,P01 HTTPie C2 Tests,test-execution,315.816,89.08,,3.11
32648746529,httpie,C1,P01 HTTPie C1 Coverage,dependency-installation,109.626,26.72,,
32648746529,httpie,C1,P01 HTTPie C1 Coverage,coverage,377.875,104.52,,
32648746529,httpie,C1,P01 HTTPie C1 Coverage,dist-test,79.1739,19.41,,
32648742834,httpie,C1,P01 HTTPie C1 Tests,checkout,5.12823,1.23,,3.10
32648742834,httpie,C1,P01 HTTPie C1 Tests,dependency-installation,103.957,24.93,,3.10
32648742834,httpie,C1,P01 HTTPie C1 Tests,test-execution,351.27,98.54,,3.10
32648742834,httpie,C1,P01 HTTPie C1 Tests,dependency-installation,98.0816,23.74,,3.12
32648742834,httpie,C1,P01 HTTPie C1 Tests,test-execution,345.316,96.21,,3.12
32648742834,httpie,C1,P01 HTTPie C1 Tests,checkout,5.11587,1.15,,3.11
32648742834,httpie,C1,P01 HTTPie C1 Tests,dependency-installation,87.0798,20.8,,3.11
32648742834,httpie,C1,P01 HTTPie C1 Tests,test-execution,316.69,89.97,,3.11
32648741677,httpie,C1,P01 HTTPie C1 Code Style,checkout,3.35662,1.2,,
32648741677,httpie,C1,P01 HTTPie C1 Code Style,dependency-installation,47.391,11.68,,
32648741677,httpie,C1,P01 HTTPie C1 Code Style,lint,71.7671,17.72,,
32648665949,httpie,C2,P01 HTTPie C2 Code Style,dependency-installation,55.9279,13.73,,
32648665949,httpie,C2,P01 HTTPie C2 Code Style,lint,66.8033,16.68,,
32648666259,httpie,C3,P01 HTTPie C3 Consolidated,checkout,5.25962,1.5,,
32648666259,httpie,C3,P01 HTTPie C3 Consolidated,dependency-installation,92.4355,22.74,,
32648666259,httpie,C3,P01 HTTPie C3 Consolidated,coverage,358.409,100.38,,
32648666259,httpie,C3,P01 HTTPie C3 Consolidated,dist-test,67.7965,16.74,,
32648666259,httpie,C3,P01 HTTPie C3 Consolidated,checkout,6.06087,1.66,,3.10
32648666259,httpie,C3,P01 HTTPie C3 Consolidated,dependency-installation,121.896,30.27,,3.10
32648666259,httpie,C3,P01 HTTPie C3 Consolidated,test-execution,311.906,91.6,,3.10
32648666259,httpie,C3,P01 HTTPie C3 Consolidated,checkout,3.64342,1.04,,3.12
32648666259,httpie,C3,P01 HTTPie C3 Consolidated,dependency-installation,102.333,25.35,,3.12
32648666259,httpie,C3,P01 HTTPie C3 Consolidated,test-execution,343.07,96.87,,3.12
32648666259,httpie,C3,P01 HTTPie C3 Consolidated,checkout,4.51545,1.04,,3.11
32648666259,httpie,C3,P01 HTTPie C3 Consolidated,dependency-installation,96.1906,23.27,,3.11
32648666259,httpie,C3,P01 HTTPie C3 Consolidated,test-execution,324.748,92.55,,3.11
32648666259,httpie,C3,P01 HTTPie C3 Consolidated,checkout,2.59311,1.28,,
32648666259,httpie,C3,P01 HTTPie C3 Consolidated,dependency-installation,52.581,13.22,,
32648666259,httpie,C3,P01 HTTPie C3 Consolidated,lint,74.2665,18.64,,
32648665760,httpie,C2,P01 HTTPie C2 Coverage,checkout,3.00796,1.11,,
32648665760,httpie,C2,P01 HTTPie C2 Coverage,dependency-installation,78.5177,19.8,,
32648665760,httpie,C2,P01 HTTPie C2 Coverage,coverage,314.723,90.91,,
32648665760,httpie,C2,P01 HTTPie C2 Coverage,dist-test,61.9914,15.29,,
32648523714,gson,C4,P05 Gson C4 Combined,test-execution,160.896,27.37,,
32648521192,gson,C3,P05 Gson C3 Consolidated,checkout,3.81673,1.19,,
32648521192,gson,C3,P05 Gson C3 Consolidated,test-execution,270.949,52.97,,
32648518772,gson,C2,P05 Gson C2 Tests,checkout,4.16311,1.19,,
32648518772,gson,C2,P05 Gson C2 Tests,test-execution,209.62,32.3,,
32648517315,gson,C1,P05 Gson C1 Tests,test-execution,304.326,56.82,,
32648514727,resty,C2,P04 resty C2 Tests,checkout,6.18518,1.42,,
32648514727,resty,C2,P04 resty C2 Tests,dependency-installation,44.1301,11.55,,
32648514727,resty,C2,P04 resty C2 Tests,test-execution,183.419,79.86,,
32648514751,resty,C4,P04 resty C4 Combined,checkout,4.96227,1.56,,
32648514751,resty,C4,P04 resty C4 Combined,dependency-installation,35.1054,8.71,,
32648514751,resty,C4,P04 resty C4 Combined,test-execution,183.46,78.18,,
32648514056,resty,C3,P04 resty C3 Consolidated,checkout,4.78712,1.44,,
32648514056,resty,C3,P04 resty C3 Consolidated,dependency-installation,34.3224,8.55,,
32648514056,resty,C3,P04 resty C3 Consolidated,test-execution,191.562,79.57,,
32648511538,resty,C1,P04 resty C1 Tests,checkout,3.91519,1.39,,
32648511538,resty,C1,P04 resty C1 Tests,dependency-installation,42.4884,11.45,,
32648511538,resty,C1,P04 resty C1 Tests,test-execution,183.931,81.0,,
32648510561,retrofit,C4,P03 Retrofit C4 Combined,checkout,5.14219,1.18,,
32648510561,retrofit,C4,P03 Retrofit C4 Combined,test-execution,340.393,65.91,,
32648507916,retrofit,C3,P03 Retrofit C3 Consolidated,test-execution,495.86,89.19,,
32648507654,retrofit,C2,P03 Retrofit C2 Tests,checkout,6.28054,1.46,,
32648507654,retrofit,C2,P03 Retrofit C2 Tests,test-execution,328.028,64.58,,
32648504085,retrofit,C1,P03 Retrofit C1 Tests,checkout,3.88987,1.16,,
32648504085,retrofit,C1,P03 Retrofit C1 Tests,test-execution,507.641,90.81,,
32648503189,got,C3,P02 got C3 Consolidated,checkout,4.79883,1.36,,
32648503189,got,C3,P02 got C3 Consolidated,dependency-installation,182.518,40.87,,
32648503189,got,C3,P02 got C3 Consolidated,test-execution,370.515,71.72,,
32648503189,got,C3,P02 got C3 Consolidated,checkout,2.70228,1.06,,
32648503189,got,C3,P02 got C3 Consolidated,dependency-installation,177.356,39.9,,
32648503189,got,C3,P02 got C3 Consolidated,test-execution,335.833,67.69,,
32648502892,got,C4,P02 got C4 Combined,checkout,5.81186,1.31,,
32648502892,got,C4,P02 got C4 Combined,dependency-installation,154.177,33.89,,
32648502892,got,C4,P02 got C4 Combined,test-execution,367.675,71.47,,
32648502892,got,C4,P02 got C4 Combined,dependency-installation,135.804,27.55,,
32648502892,got,C4,P02 got C4 Combined,test-execution,306.802,62.49,,
32648499645,got,C2,P02 got C2 Tests,checkout,4.72764,1.08,,
32648499645,got,C2,P02 got C2 Tests,dependency-installation,175.209,38.36,,
32648499645,got,C2,P02 got C2 Tests,test-execution,334.364,67.78,,
32648499645,got,C2,P02 got C2 Tests,dependency-installation,167.723,33.31,,
32648499645,got,C2,P02 got C2 Tests,test-execution,386.73,73.52,,
32648498481,got,C1,P02 got C1 Tests,checkout,3.19386,1.29,,
32648498481,got,C1,P02 got C1 Tests,dependency-installation,179.222,41.31,,
32648498481,got,C1,P02 got C1 Tests,test-execution,377.965,72.45,,
32648498481,got,C1,P02 got C1 Tests,checkout,4.17758,1.14,,
32648498481,got,C1,P02 got C1 Tests,dependency-installation,162.691,35.11,,
32648498481,got,C1,P02 got C1 Tests,test-execution,328.982,66.52,,
32648496985,httpie,C4,P01 HTTPie C4 Combined,checkout,4.96261,1.12,,
32648496985,httpie,C4,P01 HTTPie C4 Combined,dependency-installation,90.4347,21.85,,
32648496985,httpie,C4,P01 HTTPie C4 Combined,coverage,389.217,107.23,,
32648496985,httpie,C4,P01 HTTPie C4 Combined,dist-test,82.9228,20.24,,
32648496985,httpie,C4,P01 HTTPie C4 Combined,checkout,3.37019,1.19,,3.12
32648496985,httpie,C4,P01 HTTPie C4 Combined,dependency-installation,79.697,20.02,,3.12
32648496985,httpie,C4,P01 HTTPie C4 Combined,test-execution,356.959,100.34,,3.12
32648496985,httpie,C4,P01 HTTPie C4 Combined,checkout,5.45497,1.48,,3.11
32648496985,httpie,C4,P01 HTTPie C4 Combined,dependency-installation,85.2574,21.24,,3.11
32648496985,httpie,C4,P01 HTTPie C4 Combined,test-execution,333.692,94.67,,3.11
32648496985,httpie,C4,P01 HTTPie C4 Combined,checkout,8.83323,1.96,,3.10
32648496985,httpie,C4,P01 HTTPie C4 Combined,dependency-installation,75.3046,18.12,,3.10
32648496985,httpie,C4,P01 HTTPie C4 Combined,test-execution,324.104,92.21,,3.10
32648496985,httpie,C4,P01 HTTPie C4 Combined,checkout,5.36619,1.91,,
32648496985,httpie,C4,P01 HTTPie C4 Combined,dependency-installation,61.7611,15.51,,
32648496985,httpie,C4,P01 HTTPie C4 Combined,lint,72.3538,18.16,,
32648490950,httpie,C2,P01 HTTPie C2 Tests,dependency-installation,86.143,20.92,,3.12
32648490950,httpie,C2,P01 HTTPie C2 Tests,test-execution,346.192,96.91,,3.12
32648490950,httpie,C2,P01 HTTPie C2 Tests,dependency-installation,72.5178,17.85,,3.11
32648490950,httpie,C2,P01 HTTPie C2 Tests,test-execution,329.266,93.32,,3.11
32648490950,httpie,C2,P01 HTTPie C2 Tests,checkout,5.20218,1.42,,3.10
32648490950,httpie,C2,P01 HTTPie C2 Tests,dependency-installation,72.5971,17.91,,3.10
32648490950,httpie,C2,P01 HTTPie C2 Tests,test-execution,293.274,83.97,,3.10
32648491023,httpie,C1,P01 HTTPie C1 Coverage,checkout,3.87709,1.1,,
32648491023,httpie,C1,P01 HTTPie C1 Coverage,dependency-installation,81.0238,19.82,,
32648491023,httpie,C1,P01 HTTPie C1 Coverage,coverage,319.555,89.55,,
32648491023,httpie,C1,P01 HTTPie C1 Coverage,dist-test,62.4384,15.25,,
32648487632,httpie,C1,P01 HTTPie C1 Tests,checkout,6.8324,1.55,,3.10
32648487632,httpie,C1,P01 HTTPie C1 Tests,dependency-installation,101.836,24.67,,3.10
32648487632,httpie,C1,P01 HTTPie C1 Tests,test-execution,352.102,98.83,,3.10
32648487632,httpie,C1,P01 HTTPie C1 Tests,checkout,4.61553,1.26,,3.11
32648487632,httpie,C1,P01 HTTPie C1 Tests,dependency-installation,94.2827,23.15,,3.11
32648487632,httpie,C1,P01 HTTPie C1 Tests,test-execution,322.848,92.15,,3.11
32648487632,httpie,C1,P01 HTTPie C1 Tests,dependency-installation,94.0396,23.01,,3.12
32648487632,httpie,C1,P01 HTTPie C1 Tests,test-execution,341.953,95.97,,3.12
32648486625,httpie,C1,P01 HTTPie C1 Code Style,checkout,5.09936,1.37,,
32648486625,httpie,C1,P01 HTTPie C1 Code Style,dependency-installation,33.5628,8.22,,
32648486625,httpie,C1,P01 HTTPie C1 Code Style,lint,59.643,15.02,,
32648348473,httpie,C3,P01 HTTPie C3 Consolidated,checkout,5.62049,1.6,,
32648348473,httpie,C3,P01 HTTPie C3 Consolidated,dependency-installation,104.189,26.06,,
32648348473,httpie,C3,P01 HTTPie C3 Consolidated,coverage,394.559,108.69,,
32648348473,httpie,C3,P01 HTTPie C3 Consolidated,dist-test,80.9029,19.89,,
32648348473,httpie,C3,P01 HTTPie C3 Consolidated,dependency-installation,102.465,25.06,,3.10
32648348473,httpie,C3,P01 HTTPie C3 Consolidated,test-execution,347.057,97.16,,3.10
32648348473,httpie,C3,P01 HTTPie C3 Consolidated,dependency-installation,94.7333,23.46,,3.11
32648348473,httpie,C3,P01 HTTPie C3 Consolidated,test-execution,329.782,93.2,,3.11
32648348473,httpie,C3,P01 HTTPie C3 Consolidated,dependency-installation,111.674,26.0,,3.12
32648348473,httpie,C3,P01 HTTPie C3 Consolidated,test-execution,300.085,83.28,,3.12
32648348473,httpie,C3,P01 HTTPie C3 Consolidated,checkout,6.87182,1.54,,
32648348473,httpie,C3,P01 HTTPie C3 Consolidated,dependency-installation,51.9349,11.6,,
32648348473,httpie,C3,P01 HTTPie C3 Consolidated,lint,90.1717,20.34,,
32648347791,httpie,C2,P01 HTTPie C2 Code Style,dependency-installation,64.4707,15.29,,
32648347791,httpie,C2,P01 HTTPie C2 Code Style,lint,70.8143,17.19,,
32648348115,httpie,C2,P01 HTTPie C2 Coverage,checkout,4.12963,1.12,,
32648348115,httpie,C2,P01 HTTPie C2 Coverage,dependency-installation,79.0508,19.3,,
32648348115,httpie,C2,P01 HTTPie C2 Coverage,coverage,367.362,101.95,,
32648348115,httpie,C2,P01 HTTPie C2 Coverage,dist-test,77.0905,18.9,,
32648264813,gson,C4,P05 Gson C4 Combined,checkout,2.36579,1.12,,
32648264813,gson,C4,P05 Gson C4 Combined,test-execution,229.199,36.49,,
32648262988,gson,C3,P05 Gson C3 Consolidated,test-execution,238.799,41.34,,
32648261235,gson,C2,P05 Gson C2 Tests,checkout,4.60681,1.38,,
32648261235,gson,C2,P05 Gson C2 Tests,test-execution,198.751,31.1,,
32648259648,gson,C1,P05 Gson C1 Tests,test-execution,259.065,44.0,,
32648257658,resty,C2,P04 resty C2 Tests,checkout,2.63331,1.27,,
32648257658,resty,C2,P04 resty C2 Tests,dependency-installation,35.8402,9.06,,
32648257658,resty,C2,P04 resty C2 Tests,test-execution,181.266,80.16,,
32648257995,resty,C4,P04 resty C4 Combined,checkout,6.6392,1.74,,
32648257995,resty,C4,P04 resty C4 Combined,dependency-installation,36.3399,8.75,,
32648257995,resty,C4,P04 resty C4 Combined,test-execution,182.945,79.66,,
32648257338,resty,C3,P04 resty C3 Consolidated,checkout,5.331,1.54,,
32648257338,resty,C3,P04 resty C3 Consolidated,dependency-installation,39.8302,9.74,,
32648257338,resty,C3,P04 resty C3 Consolidated,test-execution,182.867,79.7,,
32648255527,resty,C1,P04 resty C1 Tests,checkout,8.83523,1.93,,
32648255527,resty,C1,P04 resty C1 Tests,dependency-installation,43.9786,11.06,,
32648255527,resty,C1,P04 resty C1 Tests,test-execution,184.024,80.19,,
32648254863,retrofit,C4,P03 Retrofit C4 Combined,checkout,4.84951,1.09,,
32648254863,retrofit,C4,P03 Retrofit C4 Combined,test-execution,270.284,48.54,,
32648252065,retrofit,C3,P03 Retrofit C3 Consolidated,test-execution,492.642,88.37,,
32648252205,retrofit,C2,P03 Retrofit C2 Tests,test-execution,306.266,58.99,,
32648248839,retrofit,C1,P03 Retrofit C1 Tests,checkout,4.68364,1.33,,
32648248839,retrofit,C1,P03 Retrofit C1 Tests,test-execution,511.859,94.57,,
32648247488,got,C3,P02 got C3 Consolidated,checkout,4.89693,1.11,,
32648247488,got,C3,P02 got C3 Consolidated,dependency-installation,162.165,35.49,,
32648247488,got,C3,P02 got C3 Consolidated,test-execution,378.16,72.41,,
32648247488,got,C3,P02 got C3 Consolidated,dependency-installation,149.768,32.33,,
32648247488,got,C3,P02 got C3 Consolidated,test-execution,327.917,66.12,,
32648246140,got,C4,P02 got C4 Combined,checkout,4.55537,1.47,,
32648246140,got,C4,P02 got C4 Combined,dependency-installation,163.683,36.08,,
32648246140,got,C4,P02 got C4 Combined,test-execution,376.769,73.59,,
32648246140,got,C4,P02 got C4 Combined,dependency-installation,134.464,29.48,,
32648246140,got,C4,P02 got C4 Combined,test-execution,326.942,66.16,,
32648242388,got,C2,P02 got C2 Tests,checkout,5.52545,1.58,,
32648242388,got,C2,P02 got C2 Tests,dependency-installation,169.45,35.3,,
32648242388,got,C2,P02 got C2 Tests,test-execution,384.983,74.21,,
32648242388,got,C2,P02 got C2 Tests,checkout,5.40516,1.21,,
32648242388,got,C2,P02 got C2 Tests,dependency-installation,159.145,35.14,,
32648242388,got,C2,P02 got C2 Tests,test-execution,350.048,70.3,,
32648241580,got,C1,P02 got C1 Tests,dependency-installation,160.247,34.69,,
32648241580,got,C1,P02 got C1 Tests,test-execution,387.429,74.74,,
32648241580,got,C1,P02 got C1 Tests,dependency-installation,165.927,36.42,,
32648241580,got,C1,P02 got C1 Tests,test-execution,333.918,68.08,,
32648239024,httpie,C4,P01 HTTPie C4 Combined,dependency-installation,85.9176,20.92,,
32648239024,httpie,C4,P01 HTTPie C4 Combined,coverage,384.828,106.15,,
32648239024,httpie,C4,P01 HTTPie C4 Combined,dist-test,84.6526,20.81,,
32648239024,httpie,C4,P01 HTTPie C4 Combined,checkout,6.90754,1.55,,3.12
32648239024,httpie,C4,P01 HTTPie C4 Combined,dependency-installation,91.2588,22.39,,3.12
32648239024,httpie,C4,P01 HTTPie C4 Combined,test-execution,349.891,99.0,,3.12
32648239024,httpie,C4,P01 HTTPie C4 Combined,checkout,6.80727,1.56,,3.11
32648239024,httpie,C4,P01 HTTPie C4 Combined,dependency-installation,76.3417,18.58,,3.11
32648239024,httpie,C4,P01 HTTPie C4 Combined,test-execution,324.432,92.8,,3.11
32648239024,httpie,C4,P01 HTTPie C4 Combined,checkout,7.33197,1.6,,3.10
32648239024,httpie,C4,P01 HTTPie C4 Combined,dependency-installation,87.7685,21.22,,3.10
32648239024,httpie,C4,P01 HTTPie C4 Combined,test-execution,333.033,94.15,,3.10
32648239024,httpie,C4,P01 HTTPie C4 Combined,dependency-installation,53.4957,13.01,,
32648239024,httpie,C4,P01 HTTPie C4 Combined,lint,69.4048,17.24,,
32648230457,httpie,C2,P01 HTTPie C2 Tests,checkout,12.3361,2.66,,3.10
32648230457,httpie,C2,P01 HTTPie C2 Tests,dependency-installation,97.1211,24.0,,3.10
32648230457,httpie,C2,P01 HTTPie C2 Tests,test-execution,347.051,97.58,,3.10
32648230457,httpie,C2,P01 HTTPie C2 Tests,checkout,6.02062,1.37,,3.12
32648230457,httpie,C2,P01 HTTPie C2 Tests,dependency-installation,68.0546,16.41,,3.12
32648230457,httpie,C2,P01 HTTPie C2 Tests,test-execution,326.516,85.86,,3.12
32648230457,httpie,C2,P01 HTTPie C2 Tests,checkout,5.13315,1.15,,3.11
32648230457,httpie,C2,P01 HTTPie C2 Tests,dependency-installation,68.7009,15.95,,3.11
32648230457,httpie,C2,P01 HTTPie C2 Tests,test-execution,307.927,80.71,,3.11
32648230043,httpie,C1,P01 HTTPie C1 Coverage,dependency-installation,100.795,24.88,,
32648230043,httpie,C1,P01 HTTPie C1 Coverage,coverage,378.426,105.36,,
32648230043,httpie,C1,P01 HTTPie C1 Coverage,dist-test,80.7385,19.85,,
32648226261,httpie,C1,P01 HTTPie C1 Tests,checkout,4.35713,1.19,,3.10
32648226261,httpie,C1,P01 HTTPie C1 Tests,dependency-installation,102.171,25.04,,3.10
32648226261,httpie,C1,P01 HTTPie C1 Tests,test-execution,348.131,97.97,,3.10
32648226261,httpie,C1,P01 HTTPie C1 Tests,checkout,4.3895,1.12,,3.11
32648226261,httpie,C1,P01 HTTPie C1 Tests,dependency-installation,164.541,38.73,,3.11
32648226261,httpie,C1,P01 HTTPie C1 Tests,test-execution,290.021,83.67,,3.11
32648226261,httpie,C1,P01 HTTPie C1 Tests,checkout,4.48335,1.12,,3.12
32648226261,httpie,C1,P01 HTTPie C1 Tests,dependency-installation,98.6935,24.35,,3.12
32648226261,httpie,C1,P01 HTTPie C1 Tests,test-execution,286.493,79.16,,3.12
32648225292,httpie,C1,P01 HTTPie C1 Code Style,checkout,5.5109,1.44,,
32648225292,httpie,C1,P01 HTTPie C1 Code Style,dependency-installation,34.5861,8.37,,
32648225292,httpie,C1,P01 HTTPie C1 Code Style,lint,42.3962,10.51,,
32648085905,httpie,C3,P01 HTTPie C3 Consolidated,checkout,6.47199,1.44,,
32648085905,httpie,C3,P01 HTTPie C3 Consolidated,dependency-installation,113.203,28.33,,
32648085905,httpie,C3,P01 HTTPie C3 Consolidated,coverage,389.602,107.23,,
32648085905,httpie,C3,P01 HTTPie C3 Consolidated,dist-test,85.8518,21.19,,
32648085905,httpie,C3,P01 HTTPie C3 Consolidated,checkout,14.2988,3.31,,3.10
32648085905,httpie,C3,P01 HTTPie C3 Consolidated,dependency-installation,194.189,45.1,,3.10
32648085905,httpie,C3,P01 HTTPie C3 Consolidated,test-execution,279.73,80.6,,3.10
32648085905,httpie,C3,P01 HTTPie C3 Consolidated,checkout,4.89171,1.28,,3.12
32648085905,httpie,C3,P01 HTTPie C3 Consolidated,dependency-installation,98.7729,24.11,,3.12
32648085905,httpie,C3,P01 HTTPie C3 Consolidated,test-execution,345.873,96.78,,3.12
32648085905,httpie,C3,P01 HTTPie C3 Consolidated,checkout,5.41472,1.47,,3.11
32648085905,httpie,C3,P01 HTTPie C3 Consolidated,dependency-installation,88.3536,21.74,,3.11
32648085905,httpie,C3,P01 HTTPie C3 Consolidated,test-execution,323.327,92.21,,3.11
32648085905,httpie,C3,P01 HTTPie C3 Consolidated,checkout,5.76843,1.46,,
32648085905,httpie,C3,P01 HTTPie C3 Consolidated,dependency-installation,62.1498,13.47,,
32648085905,httpie,C3,P01 HTTPie C3 Consolidated,lint,64.9048,15.78,,
32648085292,httpie,C2,P01 HTTPie C2 Code Style,dependency-installation,66.7906,15.89,,
32648085292,httpie,C2,P01 HTTPie C2 Code Style,lint,72.2382,17.58,,
32648085704,httpie,C2,P01 HTTPie C2 Coverage,dependency-installation,83.7398,20.24,,
32648085704,httpie,C2,P01 HTTPie C2 Coverage,coverage,370.325,102.79,,
32648085704,httpie,C2,P01 HTTPie C2 Coverage,dist-test,80.0105,19.63,,
32648002386,gson,C4,P05 Gson C4 Combined,checkout,5.31501,1.45,,
32648002386,gson,C4,P05 Gson C4 Combined,test-execution,219.699,34.21,,
32648000177,gson,C3,P05 Gson C3 Consolidated,checkout,5.45925,1.31,,
32648000177,gson,C3,P05 Gson C3 Consolidated,test-execution,269.999,46.73,,
32647998135,gson,C2,P05 Gson C2 Tests,checkout,5.67673,1.35,,
32647998135,gson,C2,P05 Gson C2 Tests,test-execution,190.253,31.7,,
32647996563,gson,C1,P05 Gson C1 Tests,checkout,6.61026,1.44,,
32647996563,gson,C1,P05 Gson C1 Tests,test-execution,272.57,46.5,,
32647994339,resty,C4,P04 resty C4 Combined,checkout,9.30699,2.21,,
32647994339,resty,C4,P04 resty C4 Combined,dependency-installation,34.3074,8.5,,
32647994339,resty,C4,P04 resty C4 Combined,test-execution,215.808,79.89,,
32647993390,resty,C3,P04 resty C3 Consolidated,checkout,6.60473,1.71,,
32647993390,resty,C3,P04 resty C3 Consolidated,dependency-installation,33.4642,8.34,,
32647993390,resty,C3,P04 resty C3 Consolidated,test-execution,177.683,79.27,,
32647992917,resty,C2,P04 resty C2 Tests,checkout,6.53206,1.53,,
32647992917,resty,C2,P04 resty C2 Tests,dependency-installation,54.2503,12.62,,
32647992917,resty,C2,P04 resty C2 Tests,test-execution,233.79,79.56,,
32647989775,resty,C1,P04 resty C1 Tests,checkout,9.22042,2.11,,
32647989775,resty,C1,P04 resty C1 Tests,dependency-installation,50.7706,13.08,,
32647989775,resty,C1,P04 resty C1 Tests,test-execution,184.47,81.42,,
32647988855,retrofit,C4,P03 Retrofit C4 Combined,checkout,6.30165,1.43,,
32647988855,retrofit,C4,P03 Retrofit C4 Combined,test-execution,335.838,63.88,,
32647985347,retrofit,C3,P03 Retrofit C3 Consolidated,checkout,7.77887,1.59,,
32647985347,retrofit,C3,P03 Retrofit C3 Consolidated,test-execution,442.406,80.07,,
32647985478,retrofit,C2,P03 Retrofit C2 Tests,checkout,5.22829,1.45,,
32647985478,retrofit,C2,P03 Retrofit C2 Tests,test-execution,282.169,54.49,,
32647979693,retrofit,C1,P03 Retrofit C1 Tests,checkout,6.03707,1.74,,
32647979693,retrofit,C1,P03 Retrofit C1 Tests,test-execution,459.578,93.87,,
32647977792,got,C4,P02 got C4 Combined,checkout,4.05033,1.11,,
32647977792,got,C4,P02 got C4 Combined,dependency-installation,153.051,33.75,,
32647977792,got,C4,P02 got C4 Combined,test-execution,396.825,76.19,,
32647977792,got,C4,P02 got C4 Combined,checkout,6.0575,1.27,,
32647977792,got,C4,P02 got C4 Combined,dependency-installation,148.439,29.99,,
32647977792,got,C4,P02 got C4 Combined,test-execution,318.64,65.04,,
32647978337,got,C3,P02 got C3 Consolidated,checkout,6.29374,1.37,,
32647978337,got,C3,P02 got C3 Consolidated,dependency-installation,172.356,35.1,,
32647978337,got,C3,P02 got C3 Consolidated,test-execution,384.748,73.03,,
32647978337,got,C3,P02 got C3 Consolidated,checkout,4.50354,1.29,,
32647978337,got,C3,P02 got C3 Consolidated,dependency-installation,141.07,31.94,,
32647978337,got,C3,P02 got C3 Consolidated,test-execution,280.304,58.98,,
32647972746,got,C2,P02 got C2 Tests,dependency-installation,172.403,34.87,,
32647972746,got,C2,P02 got C2 Tests,test-execution,397.087,75.18,,
32647972746,got,C2,P02 got C2 Tests,dependency-installation,158.1,31.37,,
32647972746,got,C2,P02 got C2 Tests,test-execution,322.05,65.18,,
32647971539,got,C1,P02 got C1 Tests,checkout,4.31061,1.2,,
32647971539,got,C1,P02 got C1 Tests,dependency-installation,177.968,39.42,,
32647971539,got,C1,P02 got C1 Tests,test-execution,310.213,61.84,,
32647971539,got,C1,P02 got C1 Tests,dependency-installation,146.707,32.82,,
32647971539,got,C1,P02 got C1 Tests,test-execution,310.049,63.57,,
32647969282,httpie,C4,P01 HTTPie C4 Combined,dependency-installation,91.4993,22.55,,
32647969282,httpie,C4,P01 HTTPie C4 Combined,coverage,365.739,101.8,,
32647969282,httpie,C4,P01 HTTPie C4 Combined,dist-test,77.2171,19.21,,
32647969282,httpie,C4,P01 HTTPie C4 Combined,checkout,5.29464,1.39,,3.10
32647969282,httpie,C4,P01 HTTPie C4 Combined,dependency-installation,91.1024,22.2,,3.10
32647969282,httpie,C4,P01 HTTPie C4 Combined,test-execution,355.674,99.27,,3.10
32647969282,httpie,C4,P01 HTTPie C4 Combined,checkout,6.64239,1.46,,3.12
32647969282,httpie,C4,P01 HTTPie C4 Combined,dependency-installation,86.6238,20.68,,3.12
32647969282,httpie,C4,P01 HTTPie C4 Combined,test-execution,334.404,94.38,,3.12
32647969282,httpie,C4,P01 HTTPie C4 Combined,checkout,5.17423,1.19,,3.11
32647969282,httpie,C4,P01 HTTPie C4 Combined,dependency-installation,69.7992,16.64,,3.11
32647969282,httpie,C4,P01 HTTPie C4 Combined,test-execution,327.534,85.42,,3.11
32647969282,httpie,C4,P01 HTTPie C4 Combined,checkout,5.13814,1.37,,
32647969282,httpie,C4,P01 HTTPie C4 Combined,dependency-installation,44.8314,11.07,,
32647969282,httpie,C4,P01 HTTPie C4 Combined,lint,62.4767,15.42,,
32647961640,httpie,C2,P01 HTTPie C2 Tests,checkout,6.21117,1.4,,3.12
32647961640,httpie,C2,P01 HTTPie C2 Tests,dependency-installation,87.2063,21.31,,3.12
32647961640,httpie,C2,P01 HTTPie C2 Tests,test-execution,347.346,97.57,,3.12
32647961640,httpie,C2,P01 HTTPie C2 Tests,checkout,4.38435,1.19,,3.10
32647961640,httpie,C2,P01 HTTPie C2 Tests,dependency-installation,86.869,21.43,,3.10
32647961640,httpie,C2,P01 HTTPie C2 Tests,test-execution,343.003,96.36,,3.10
32647961640,httpie,C2,P01 HTTPie C2 Tests,checkout,5.0778,1.16,,3.11
32647961640,httpie,C2,P01 HTTPie C2 Tests,dependency-installation,78.2436,18.87,,3.11
32647961640,httpie,C2,P01 HTTPie C2 Tests,test-execution,324.909,92.48,,3.11
32647960702,httpie,C1,P01 HTTPie C1 Coverage,checkout,4.87977,1.08,,
32647960702,httpie,C1,P01 HTTPie C1 Coverage,dependency-installation,92.6332,22.55,,
32647960702,httpie,C1,P01 HTTPie C1 Coverage,coverage,376.48,103.57,,
32647960702,httpie,C1,P01 HTTPie C1 Coverage,dist-test,77.5745,18.96,,
32647957550,httpie,C1,P01 HTTPie C1 Tests,checkout,6.30757,1.35,,3.10
32647957550,httpie,C1,P01 HTTPie C1 Tests,dependency-installation,117.176,28.49,,3.10
32647957550,httpie,C1,P01 HTTPie C1 Tests,test-execution,362.864,101.05,,3.10
32647957550,httpie,C1,P01 HTTPie C1 Tests,checkout,4.31564,1.04,,3.12
32647957550,httpie,C1,P01 HTTPie C1 Tests,dependency-installation,93.1799,22.6,,3.12
32647957550,httpie,C1,P01 HTTPie C1 Tests,test-execution,340.269,95.77,,3.12
32647957550,httpie,C1,P01 HTTPie C1 Tests,checkout,3.87982,1.07,,3.11
32647957550,httpie,C1,P01 HTTPie C1 Tests,dependency-installation,90.4779,22.42,,3.11
32647957550,httpie,C1,P01 HTTPie C1 Tests,test-execution,325.188,92.83,,3.11
32647956913,httpie,C1,P01 HTTPie C1 Code Style,checkout,4.77685,1.31,,
32647956913,httpie,C1,P01 HTTPie C1 Code Style,dependency-installation,52.1793,12.72,,
32647956913,httpie,C1,P01 HTTPie C1 Code Style,lint,79.6587,19.86,,
32647740175,gson,C4,P05 Gson C4 Combined,checkout,5.91475,1.36,,
32647740175,gson,C4,P05 Gson C4 Combined,test-execution,206.906,31.13,,
32647737590,gson,C3,P05 Gson C3 Consolidated,checkout,6.08798,1.42,,
32647737590,gson,C3,P05 Gson C3 Consolidated,test-execution,277.37,48.77,,
32647734810,gson,C2,P05 Gson C2 Tests,checkout,7.63055,1.72,,
32647734810,gson,C2,P05 Gson C2 Tests,test-execution,203.586,31.59,,
32647733220,gson,C1,P05 Gson C1 Tests,checkout,4.09995,1.11,,
32647733220,gson,C1,P05 Gson C1 Tests,test-execution,281.195,49.62,,
32647731493,resty,C4,P04 resty C4 Combined,checkout,5.46594,1.48,,
32647731493,resty,C4,P04 resty C4 Combined,dependency-installation,37.826,9.97,,
32647731493,resty,C4,P04 resty C4 Combined,test-execution,176.119,78.32,,
32647729747,resty,C3,P04 resty C3 Consolidated,checkout,6.67137,1.49,,
32647729747,resty,C3,P04 resty C3 Consolidated,dependency-installation,58.4206,13.43,,
32647729747,resty,C3,P04 resty C3 Consolidated,test-execution,199.069,79.92,,
32647729007,resty,C2,P04 resty C2 Tests,checkout,5.22472,1.24,,
32647729007,resty,C2,P04 resty C2 Tests,dependency-installation,45.5941,11.84,,
32647729007,resty,C2,P04 resty C2 Tests,test-execution,188.985,82.59,,
32647726675,resty,C1,P04 resty C1 Tests,checkout,4.28082,1.59,,
32647726675,resty,C1,P04 resty C1 Tests,dependency-installation,36.2672,9.75,,
32647726675,resty,C1,P04 resty C1 Tests,test-execution,182.264,81.71,,
32647726183,retrofit,C4,P03 Retrofit C4 Combined,test-execution,276.921,53.15,,
32647722225,retrofit,C3,P03 Retrofit C3 Consolidated,checkout,3.82731,1.04,,
32647722225,retrofit,C3,P03 Retrofit C3 Consolidated,test-execution,462.094,89.11,,
32647722103,retrofit,C2,P03 Retrofit C2 Tests,checkout,4.97498,1.73,,
32647722103,retrofit,C2,P03 Retrofit C2 Tests,test-execution,334.146,67.31,,
32647718397,retrofit,C1,P03 Retrofit C1 Tests,test-execution,509.572,89.25,,
32647717292,got,C3,P02 got C3 Consolidated,checkout,5.99713,1.4,,
32647717292,got,C3,P02 got C3 Consolidated,dependency-installation,185.915,39.82,,
32647717292,got,C3,P02 got C3 Consolidated,test-execution,309.292,60.41,,
32647717292,got,C3,P02 got C3 Consolidated,dependency-installation,165.402,36.06,,
32647717292,got,C3,P02 got C3 Consolidated,test-execution,323.553,66.42,,
32647716793,got,C4,P02 got C4 Combined,checkout,4.86298,1.12,,
32647716793,got,C4,P02 got C4 Combined,dependency-installation,173.709,35.48,,
32647716793,got,C4,P02 got C4 Combined,test-execution,381.281,72.82,,
32647716793,got,C4,P02 got C4 Combined,checkout,3.82288,1.1,,
32647716793,got,C4,P02 got C4 Combined,dependency-installation,124.212,29.58,,
32647716793,got,C4,P02 got C4 Combined,test-execution,240.279,52.24,,
32647713001,got,C2,P02 got C2 Tests,checkout,4.8155,1.1,,
32647713001,got,C2,P02 got C2 Tests,dependency-installation,187.398,41.16,,
32647713001,got,C2,P02 got C2 Tests,test-execution,324.437,66.68,,
32647713001,got,C2,P02 got C2 Tests,dependency-installation,148.585,30.89,,
32647713001,got,C2,P02 got C2 Tests,test-execution,388.806,74.0,,
32647711862,got,C1,P02 got C1 Tests,checkout,4.86668,1.13,,
32647711862,got,C1,P02 got C1 Tests,dependency-installation,167.014,36.39,,
32647711862,got,C1,P02 got C1 Tests,test-execution,376.858,73.52,,
32647711862,got,C1,P02 got C1 Tests,dependency-installation,162.679,34.88,,
32647711862,got,C1,P02 got C1 Tests,test-execution,337.263,68.39,,
32647709853,httpie,C4,P01 HTTPie C4 Combined,dependency-installation,95.657,23.31,,
32647709853,httpie,C4,P01 HTTPie C4 Combined,coverage,378.791,105.14,,
32647709853,httpie,C4,P01 HTTPie C4 Combined,dist-test,82.1567,20.11,,
32647709853,httpie,C4,P01 HTTPie C4 Combined,checkout,4.49126,1.23,,3.12
32647709853,httpie,C4,P01 HTTPie C4 Combined,dependency-installation,80.4387,19.89,,3.12
32647709853,httpie,C4,P01 HTTPie C4 Combined,test-execution,346.423,97.32,,3.12
32647709853,httpie,C4,P01 HTTPie C4 Combined,checkout,4.1712,1.2,,3.10
32647709853,httpie,C4,P01 HTTPie C4 Combined,dependency-installation,69.9829,17.42,,3.10
32647709853,httpie,C4,P01 HTTPie C4 Combined,test-execution,324.359,92.94,,3.10
32647709853,httpie,C4,P01 HTTPie C4 Combined,checkout,4.31454,1.19,,3.11
32647709853,httpie,C4,P01 HTTPie C4 Combined,dependency-installation,68.0829,16.91,,3.11
32647709853,httpie,C4,P01 HTTPie C4 Combined,test-execution,312.955,89.17,,3.11
32647709853,httpie,C4,P01 HTTPie C4 Combined,checkout,10.9434,2.49,,
32647709853,httpie,C4,P01 HTTPie C4 Combined,dependency-installation,50.3906,12.33,,
32647709853,httpie,C4,P01 HTTPie C4 Combined,lint,57.3241,13.72,,
32647708506,httpie,C3,P01 HTTPie C3 Consolidated,checkout,9.21686,1.99,,
32647708506,httpie,C3,P01 HTTPie C3 Consolidated,dependency-installation,101.046,24.53,,
32647708506,httpie,C3,P01 HTTPie C3 Consolidated,coverage,379.662,105.07,,
32647708506,httpie,C3,P01 HTTPie C3 Consolidated,dist-test,82.1476,20.06,,
32647708506,httpie,C3,P01 HTTPie C3 Consolidated,dependency-installation,103.087,25.41,,3.10
32647708506,httpie,C3,P01 HTTPie C3 Consolidated,test-execution,328.314,93.05,,3.10
32647708506,httpie,C3,P01 HTTPie C3 Consolidated,checkout,3.98444,1.09,,3.12
32647708506,httpie,C3,P01 HTTPie C3 Consolidated,dependency-installation,94.7266,23.22,,3.12
32647708506,httpie,C3,P01 HTTPie C3 Consolidated,test-execution,345.317,97.07,,3.12
32647708506,httpie,C3,P01 HTTPie C3 Consolidated,checkout,4.83913,1.11,,3.11
32647708506,httpie,C3,P01 HTTPie C3 Consolidated,dependency-installation,100.471,24.04,,3.11
32647708506,httpie,C3,P01 HTTPie C3 Consolidated,test-execution,349.585,98.15,,3.11
32647708506,httpie,C3,P01 HTTPie C3 Consolidated,checkout,5.24719,1.4,,
32647708506,httpie,C3,P01 HTTPie C3 Consolidated,dependency-installation,40.0277,9.72,,
32647708506,httpie,C3,P01 HTTPie C3 Consolidated,lint,57.0786,14.25,,
32647708362,httpie,C2,P01 HTTPie C2 Code Style,checkout,4.92855,1.12,,
32647708362,httpie,C2,P01 HTTPie C2 Code Style,dependency-installation,64.8782,15.57,,
32647708362,httpie,C2,P01 HTTPie C2 Code Style,lint,76.3947,18.63,,
32647708328,httpie,C2,P01 HTTPie C2 Coverage,checkout,6.65215,1.44,,
32647708328,httpie,C2,P01 HTTPie C2 Coverage,dependency-installation,93.4315,22.4,,
32647708328,httpie,C2,P01 HTTPie C2 Coverage,coverage,373.575,103.26,,
32647708328,httpie,C2,P01 HTTPie C2 Coverage,dist-test,80.5643,19.68,,
32647704128,httpie,C2,P01 HTTPie C2 Tests,dependency-installation,85.1172,19.96,,3.12
32647704128,httpie,C2,P01 HTTPie C2 Tests,test-execution,348.961,97.71,,3.12
32647704128,httpie,C2,P01 HTTPie C2 Tests,checkout,6.44556,1.48,,3.11
32647704128,httpie,C2,P01 HTTPie C2 Tests,dependency-installation,82.9721,18.81,,3.11
32647704128,httpie,C2,P01 HTTPie C2 Tests,test-execution,331.137,88.24,,3.11
32647704128,httpie,C2,P01 HTTPie C2 Tests,dependency-installation,66.0024,15.96,,3.10
32647704128,httpie,C2,P01 HTTPie C2 Tests,test-execution,283.001,74.95,,3.10
32647703146,httpie,C1,P01 HTTPie C1 Coverage,checkout,6.95601,1.55,,
32647703146,httpie,C1,P01 HTTPie C1 Coverage,dependency-installation,87.4436,20.6,,
32647703146,httpie,C1,P01 HTTPie C1 Coverage,coverage,343.724,89.29,,
32647703146,httpie,C1,P01 HTTPie C1 Coverage,dist-test,63.3093,15.45,,
32647699820,httpie,C1,P01 HTTPie C1 Code Style,checkout,5.19149,1.36,,
32647699820,httpie,C1,P01 HTTPie C1 Code Style,dependency-installation,42.7379,10.28,,
32647699820,httpie,C1,P01 HTTPie C1 Code Style,lint,89.0983,21.49,,
32647700078,httpie,C1,P01 HTTPie C1 Tests,checkout,4.61925,1.26,,3.12
32647700078,httpie,C1,P01 HTTPie C1 Tests,dependency-installation,103.946,25.5,,3.12
32647700078,httpie,C1,P01 HTTPie C1 Tests,test-execution,352.945,99.11,,3.12
32647700078,httpie,C1,P01 HTTPie C1 Tests,checkout,8.4575,2.07,,3.11
32647700078,httpie,C1,P01 HTTPie C1 Tests,dependency-installation,125.379,30.22,,3.11
32647700078,httpie,C1,P01 HTTPie C1 Tests,test-execution,331.903,91.57,,3.11
32647700078,httpie,C1,P01 HTTPie C1 Tests,checkout,4.86542,1.1,,3.10
32647700078,httpie,C1,P01 HTTPie C1 Tests,dependency-installation,110.162,26.49,,3.10
32647700078,httpie,C1,P01 HTTPie C1 Tests,test-execution,336.42,94.59,,3.10
32647475495,gson,C4,P05 Gson C4 Combined,test-execution,184.91,31.2,,
32647472670,gson,C3,P05 Gson C3 Consolidated,checkout,6.40668,1.52,,
32647472670,gson,C3,P05 Gson C3 Consolidated,test-execution,310.936,56.23,,
32647469821,gson,C2,P05 Gson C2 Tests,checkout,8.44862,1.94,,
32647469821,gson,C2,P05 Gson C2 Tests,test-execution,216.063,33.9,,
32647468071,gson,C1,P05 Gson C1 Tests,test-execution,267.003,48.15,,
32647466443,resty,C4,P04 resty C4 Combined,checkout,6.02,1.38,,
32647466443,resty,C4,P04 resty C4 Combined,dependency-installation,52.0034,12.97,,
32647466443,resty,C4,P04 resty C4 Combined,test-execution,189.341,82.56,,
32647464916,resty,C3,P04 resty C3 Consolidated,checkout,6.5958,1.47,,
32647464916,resty,C3,P04 resty C3 Consolidated,dependency-installation,42.3867,10.21,,
32647464916,resty,C3,P04 resty C3 Consolidated,test-execution,185.95,80.14,,
32647463702,resty,C2,P04 resty C2 Tests,checkout,5.79004,1.29,,
32647463702,resty,C2,P04 resty C2 Tests,dependency-installation,37.562,8.58,,
32647463702,resty,C2,P04 resty C2 Tests,test-execution,246.295,81.94,,
32647461933,resty,C1,P04 resty C1 Tests,checkout,4.19493,1.69,,
32647461933,resty,C1,P04 resty C1 Tests,dependency-installation,60.9891,17.64,,
32647461933,resty,C1,P04 resty C1 Tests,test-execution,186.325,80.78,,
32647460541,retrofit,C4,P03 Retrofit C4 Combined,checkout,11.234,2.72,,
32647460541,retrofit,C4,P03 Retrofit C4 Combined,test-execution,323.249,66.55,,
32647457798,retrofit,C3,P03 Retrofit C3 Consolidated,test-execution,503.378,89.04,,
32647457320,retrofit,C2,P03 Retrofit C2 Tests,test-execution,336.22,70.22,,
32647453764,retrofit,C1,P03 Retrofit C1 Tests,checkout,2.78681,1.1,,
32647453764,retrofit,C1,P03 Retrofit C1 Tests,test-execution,510.205,93.8,,
32647452743,got,C3,P02 got C3 Consolidated,checkout,5.42654,1.18,,
32647452743,got,C3,P02 got C3 Consolidated,dependency-installation,189.816,41.93,,
32647452743,got,C3,P02 got C3 Consolidated,test-execution,330.057,66.58,,
32647452743,got,C3,P02 got C3 Consolidated,dependency-installation,160.599,34.19,,
32647452743,got,C3,P02 got C3 Consolidated,test-execution,382.036,73.86,,
32647452338,got,C4,P02 got C4 Combined,dependency-installation,141.211,28.67,,
32647452338,got,C4,P02 got C4 Combined,test-execution,370.711,71.77,,
32647452338,got,C4,P02 got C4 Combined,dependency-installation,150.074,30.68,,
32647452338,got,C4,P02 got C4 Combined,test-execution,317.923,65.15,,
32647448554,got,C2,P02 got C2 Tests,checkout,4.43027,1.33,,
32647448554,got,C2,P02 got C2 Tests,dependency-installation,170.334,36.88,,
32647448554,got,C2,P02 got C2 Tests,test-execution,311.298,63.34,,
32647448554,got,C2,P02 got C2 Tests,dependency-installation,155.785,33.7,,
32647448554,got,C2,P02 got C2 Tests,test-execution,320.788,65.49,,
32647447349,got,C1,P02 got C1 Tests,checkout,5.55488,1.27,,
32647447349,got,C1,P02 got C1 Tests,dependency-installation,168.939,38.6,,
32647447349,got,C1,P02 got C1 Tests,test-execution,322.671,65.67,,
32647447349,got,C1,P02 got C1 Tests,dependency-installation,155.568,33.82,,
32647447349,got,C1,P02 got C1 Tests,test-execution,381.744,73.66,,
32647444582,httpie,C4,P01 HTTPie C4 Combined,checkout,4.65911,1.56,,
32647444582,httpie,C4,P01 HTTPie C4 Combined,dependency-installation,71.8555,18.06,,
32647444582,httpie,C4,P01 HTTPie C4 Combined,coverage,313.798,89.51,,
32647444582,httpie,C4,P01 HTTPie C4 Combined,dist-test,59.3088,14.81,,
32647444582,httpie,C4,P01 HTTPie C4 Combined,dependency-installation,82.8263,20.26,,3.11
32647444582,httpie,C4,P01 HTTPie C4 Combined,test-execution,313.624,89.57,,3.11
32647444582,httpie,C4,P01 HTTPie C4 Combined,checkout,5.39299,1.47,,3.10
32647444582,httpie,C4,P01 HTTPie C4 Combined,dependency-installation,78.1778,19.61,,3.10
32647444582,httpie,C4,P01 HTTPie C4 Combined,test-execution,320.042,91.21,,3.10
32647444582,httpie,C4,P01 HTTPie C4 Combined,dependency-installation,61.7046,15.46,,3.12
32647444582,httpie,C4,P01 HTTPie C4 Combined,test-execution,260.757,77.4,,3.12
32647444582,httpie,C4,P01 HTTPie C4 Combined,checkout,6.94255,1.57,,
32647444582,httpie,C4,P01 HTTPie C4 Combined,dependency-installation,62.675,14.76,,
32647444582,httpie,C4,P01 HTTPie C4 Combined,lint,72.5335,17.3,,
32647439150,httpie,C2,P01 HTTPie C2 Tests,checkout,6.91099,1.53,,3.10
32647439150,httpie,C2,P01 HTTPie C2 Tests,dependency-installation,106.956,26.05,,3.10
32647439150,httpie,C2,P01 HTTPie C2 Tests,test-execution,369.587,103.25,,3.10
32647439150,httpie,C2,P01 HTTPie C2 Tests,checkout,4.25654,1.21,,3.12
32647439150,httpie,C2,P01 HTTPie C2 Tests,dependency-installation,79.0239,19.66,,3.12
32647439150,httpie,C2,P01 HTTPie C2 Tests,test-execution,372.439,103.98,,3.12
32647439150,httpie,C2,P01 HTTPie C2 Tests,checkout,6.62475,1.5,,3.11
32647439150,httpie,C2,P01 HTTPie C2 Tests,dependency-installation,85.4199,20.8,,3.11
32647439150,httpie,C2,P01 HTTPie C2 Tests,test-execution,333.983,94.6,,3.11
32647438006,httpie,C1,P01 HTTPie C1 Coverage,dependency-installation,111.055,26.96,,
32647438006,httpie,C1,P01 HTTPie C1 Coverage,coverage,371.148,103.43,,
32647438006,httpie,C1,P01 HTTPie C1 Coverage,dist-test,79.1971,19.46,,
32647434424,httpie,C1,P01 HTTPie C1 Tests,checkout,6.54634,1.48,,3.10
32647434424,httpie,C1,P01 HTTPie C1 Tests,dependency-installation,122.785,30.52,,3.10
32647434424,httpie,C1,P01 HTTPie C1 Tests,test-execution,346.456,98.08,,3.10
32647434424,httpie,C1,P01 HTTPie C1 Tests,checkout,5.35959,1.52,,3.12
32647434424,httpie,C1,P01 HTTPie C1 Tests,dependency-installation,98.3276,24.32,,3.12
32647434424,httpie,C1,P01 HTTPie C1 Tests,test-execution,348.705,98.31,,3.12
32647434424,httpie,C1,P01 HTTPie C1 Tests,dependency-installation,94.1171,23.19,,3.11
32647434424,httpie,C1,P01 HTTPie C1 Tests,test-execution,316.804,89.89,,3.11
32647434886,httpie,C1,P01 HTTPie C1 Code Style,dependency-installation,64.1274,14.67,,
32647434886,httpie,C1,P01 HTTPie C1 Code Style,lint,76.1816,18.48,,
32647326346,httpie,C3,P01 HTTPie C3 Consolidated,checkout,5.7321,1.55,,
32647326346,httpie,C3,P01 HTTPie C3 Consolidated,dependency-installation,126.532,31.82,,
32647326346,httpie,C3,P01 HTTPie C3 Consolidated,coverage,409.597,112.28,,
32647326346,httpie,C3,P01 HTTPie C3 Consolidated,dist-test,87.7223,21.69,,
32647326346,httpie,C3,P01 HTTPie C3 Consolidated,checkout,2.75185,1.28,,3.10
32647326346,httpie,C3,P01 HTTPie C3 Consolidated,dependency-installation,101.78,25.25,,3.10
32647326346,httpie,C3,P01 HTTPie C3 Consolidated,test-execution,374.082,104.12,,3.10
32647326346,httpie,C3,P01 HTTPie C3 Consolidated,dependency-installation,101.978,25.07,,3.12
32647326346,httpie,C3,P01 HTTPie C3 Consolidated,test-execution,363.433,101.08,,3.12
32647326346,httpie,C3,P01 HTTPie C3 Consolidated,checkout,3.74315,1.08,,3.11
32647326346,httpie,C3,P01 HTTPie C3 Consolidated,dependency-installation,75.4155,19.21,,3.11
32647326346,httpie,C3,P01 HTTPie C3 Consolidated,test-execution,265.463,78.36,,3.11
32647326346,httpie,C3,P01 HTTPie C3 Consolidated,checkout,6.24366,1.67,,
32647326346,httpie,C3,P01 HTTPie C3 Consolidated,dependency-installation,43.2778,10.53,,
32647326346,httpie,C3,P01 HTTPie C3 Consolidated,lint,66.4919,16.16,,
32647325561,httpie,C2,P01 HTTPie C2 Code Style,checkout,7.06579,1.63,,
32647325561,httpie,C2,P01 HTTPie C2 Code Style,dependency-installation,46.5133,11.22,,
32647325561,httpie,C2,P01 HTTPie C2 Code Style,lint,71.3168,15.6,,
32647325726,httpie,C2,P01 HTTPie C2 Coverage,checkout,7.71389,1.69,,
32647325726,httpie,C2,P01 HTTPie C2 Coverage,dependency-installation,74.2396,17.76,,
32647325726,httpie,C2,P01 HTTPie C2 Coverage,coverage,368.014,102.15,,
32647325726,httpie,C2,P01 HTTPie C2 Coverage,dist-test,79.8279,19.52,,
32647208567,gson,C4,P05 Gson C4 Combined,checkout,3.35801,1.31,,
32647208567,gson,C4,P05 Gson C4 Combined,test-execution,243.003,39.87,,
32647206601,gson,C3,P05 Gson C3 Consolidated,checkout,4.85808,1.38,,
32647206601,gson,C3,P05 Gson C3 Consolidated,test-execution,250.532,46.21,,
32647202921,gson,C2,P05 Gson C2 Tests,checkout,4.34181,1.2,,
32647202921,gson,C2,P05 Gson C2 Tests,test-execution,221.529,34.33,,
32647201684,gson,C1,P05 Gson C1 Tests,checkout,7.74741,1.71,,
32647201684,gson,C1,P05 Gson C1 Tests,test-execution,250.308,41.99,,
32647199182,resty,C4,P04 resty C4 Combined,checkout,8.9015,1.86,,
32647199182,resty,C4,P04 resty C4 Combined,dependency-installation,43.5092,10.4,,
32647199182,resty,C4,P04 resty C4 Combined,test-execution,185.356,81.12,,
32647198087,resty,C3,P04 resty C3 Consolidated,checkout,5.28798,1.18,,
32647198087,resty,C3,P04 resty C3 Consolidated,dependency-installation,41.8454,10.38,,
32647198087,resty,C3,P04 resty C3 Consolidated,test-execution,185.388,80.4,,
32647196158,resty,C2,P04 resty C2 Tests,checkout,4.90811,1.13,,
32647196158,resty,C2,P04 resty C2 Tests,dependency-installation,45.8516,11.93,,
32647196158,resty,C2,P04 resty C2 Tests,test-execution,187.774,80.83,,
32647194532,resty,C1,P04 resty C1 Tests,checkout,5.51983,1.5,,
32647194532,resty,C1,P04 resty C1 Tests,dependency-installation,38.6246,9.98,,
32647194532,resty,C1,P04 resty C1 Tests,test-execution,182.806,80.27,,
32647192754,retrofit,C4,P03 Retrofit C4 Combined,checkout,4.47075,1.3,,
32647192754,retrofit,C4,P03 Retrofit C4 Combined,test-execution,298.612,59.21,,
32647189634,retrofit,C2,P03 Retrofit C2 Tests,test-execution,335.737,61.95,,
32647189784,retrofit,C3,P03 Retrofit C3 Consolidated,checkout,3.70446,1.06,,
32647189784,retrofit,C3,P03 Retrofit C3 Consolidated,test-execution,527.624,103.03,,
32647184839,retrofit,C1,P03 Retrofit C1 Tests,checkout,5.59046,1.56,,
32647184839,retrofit,C1,P03 Retrofit C1 Tests,test-execution,408.495,79.91,,
32647183047,got,C4,P02 got C4 Combined,checkout,5.20785,1.48,,
32647183047,got,C4,P02 got C4 Combined,dependency-installation,177.995,38.36,,
32647183047,got,C4,P02 got C4 Combined,test-execution,381.012,72.85,,
32647183047,got,C4,P02 got C4 Combined,dependency-installation,134.771,27.98,,
32647183047,got,C4,P02 got C4 Combined,test-execution,328.727,66.42,,
32647183212,got,C3,P02 got C3 Consolidated,checkout,5.95589,1.33,,
32647183212,got,C3,P02 got C3 Consolidated,dependency-installation,215.95,48.15,,
32647183212,got,C3,P02 got C3 Consolidated,test-execution,325.037,64.08,,
32647183212,got,C3,P02 got C3 Consolidated,dependency-installation,183.699,37.65,,
32647183212,got,C3,P02 got C3 Consolidated,test-execution,322.991,65.52,,
32647177725,got,C1,P02 got C1 Tests,dependency-installation,175.008,36.32,,
32647177725,got,C1,P02 got C1 Tests,test-execution,373.855,72.72,,
32647177725,got,C1,P02 got C1 Tests,checkout,4.71615,1.06,,
32647177725,got,C1,P02 got C1 Tests,dependency-installation,177.267,38.2,,
32647177725,got,C1,P02 got C1 Tests,test-execution,321.388,65.89,,
32647178408,got,C2,P02 got C2 Tests,checkout,7.89908,1.75,,
32647178408,got,C2,P02 got C2 Tests,dependency-installation,167.379,36.28,,
32647178408,got,C2,P02 got C2 Tests,test-execution,326.9,66.17,,
32647178408,got,C2,P02 got C2 Tests,checkout,5.87072,1.34,,
32647178408,got,C2,P02 got C2 Tests,dependency-installation,183.644,37.4,,
32647178408,got,C2,P02 got C2 Tests,test-execution,318.928,61.72,,
32647173959,httpie,C4,P01 HTTPie C4 Combined,checkout,2.84468,1.16,,
32647173959,httpie,C4,P01 HTTPie C4 Combined,dependency-installation,86.8214,21.74,,
32647173959,httpie,C4,P01 HTTPie C4 Combined,coverage,388.051,107.14,,
32647173959,httpie,C4,P01 HTTPie C4 Combined,dist-test,85.1544,21.07,,
32647173959,httpie,C4,P01 HTTPie C4 Combined,dependency-installation,83.9315,20.49,,3.12
32647173959,httpie,C4,P01 HTTPie C4 Combined,test-execution,344.033,96.37,,3.12
32647173959,httpie,C4,P01 HTTPie C4 Combined,checkout,8.96978,1.9,,3.10
32647173959,httpie,C4,P01 HTTPie C4 Combined,dependency-installation,87.6745,20.58,,3.10
32647173959,httpie,C4,P01 HTTPie C4 Combined,test-execution,323.166,86.09,,3.10
32647173959,httpie,C4,P01 HTTPie C4 Combined,checkout,5.04055,1.63,,3.11
32647173959,httpie,C4,P01 HTTPie C4 Combined,dependency-installation,65.8195,16.62,,3.11
32647173959,httpie,C4,P01 HTTPie C4 Combined,test-execution,298.731,86.39,,3.11
32647173959,httpie,C4,P01 HTTPie C4 Combined,checkout,4.70471,1.29,,
32647173959,httpie,C4,P01 HTTPie C4 Combined,dependency-installation,46.0993,11.42,,
32647173959,httpie,C4,P01 HTTPie C4 Combined,lint,62.6094,15.44,,
32647167833,httpie,C2,P01 HTTPie C2 Tests,checkout,5.35296,1.21,,3.12
32647167833,httpie,C2,P01 HTTPie C2 Tests,dependency-installation,80.1598,19.26,,3.12
32647167833,httpie,C2,P01 HTTPie C2 Tests,test-execution,345.623,96.75,,3.12
32647167833,httpie,C2,P01 HTTPie C2 Tests,dependency-installation,80.6338,20.31,,3.11
32647167833,httpie,C2,P01 HTTPie C2 Tests,test-execution,324.965,92.82,,3.11
32647167833,httpie,C2,P01 HTTPie C2 Tests,checkout,6.27461,1.43,,3.10
32647167833,httpie,C2,P01 HTTPie C2 Tests,dependency-installation,74.0216,17.73,,3.10
32647167833,httpie,C2,P01 HTTPie C2 Tests,test-execution,340.856,87.41,,3.10
32647166622,httpie,C1,P01 HTTPie C1 Coverage,checkout,4.17828,1.14,,
32647166622,httpie,C1,P01 HTTPie C1 Coverage,dependency-installation,104.303,25.54,,
32647166622,httpie,C1,P01 HTTPie C1 Coverage,coverage,376.284,104.4,,
32647166622,httpie,C1,P01 HTTPie C1 Coverage,dist-test,78.866,19.35,,
32647163285,httpie,C1,P01 HTTPie C1 Code Style,checkout,11.1529,2.34,,
32647163285,httpie,C1,P01 HTTPie C1 Code Style,dependency-installation,49.2026,11.87,,
32647163285,httpie,C1,P01 HTTPie C1 Code Style,lint,79.6001,19.81,,
32647161831,httpie,C1,P01 HTTPie C1 Tests,checkout,4.76649,1.4,,3.12
32647161831,httpie,C1,P01 HTTPie C1 Tests,dependency-installation,99.7651,25.31,,3.12
32647161831,httpie,C1,P01 HTTPie C1 Tests,test-execution,347.621,97.45,,3.12
32647161831,httpie,C1,P01 HTTPie C1 Tests,checkout,4.61086,1.13,,3.11
32647161831,httpie,C1,P01 HTTPie C1 Tests,dependency-installation,100.692,24.47,,3.11
32647161831,httpie,C1,P01 HTTPie C1 Tests,test-execution,334.13,94.5,,3.11
32647161831,httpie,C1,P01 HTTPie C1 Tests,checkout,4.85116,1.1,,3.10
32647161831,httpie,C1,P01 HTTPie C1 Tests,dependency-installation,91.1982,22.32,,3.10
32647161831,httpie,C1,P01 HTTPie C1 Tests,test-execution,300.846,81.62,,3.10
32647024996,httpie,C3,P01 HTTPie C3 Consolidated,dependency-installation,102.815,25.26,,
32647024996,httpie,C3,P01 HTTPie C3 Consolidated,coverage,377.991,104.5,,
32647024996,httpie,C3,P01 HTTPie C3 Consolidated,dist-test,78.9027,19.41,,
32647024996,httpie,C3,P01 HTTPie C3 Consolidated,checkout,3.3137,1.24,,3.12
32647024996,httpie,C3,P01 HTTPie C3 Consolidated,dependency-installation,87.8985,21.79,,3.12
32647024996,httpie,C3,P01 HTTPie C3 Consolidated,test-execution,351.993,99.01,,3.12
32647024996,httpie,C3,P01 HTTPie C3 Consolidated,dependency-installation,110.863,26.63,,3.10
32647024996,httpie,C3,P01 HTTPie C3 Consolidated,test-execution,333.434,94.1,,3.10
32647024996,httpie,C3,P01 HTTPie C3 Consolidated,checkout,6.29566,1.46,,3.11
32647024996,httpie,C3,P01 HTTPie C3 Consolidated,dependency-installation,84.1517,19.0,,3.11
32647024996,httpie,C3,P01 HTTPie C3 Consolidated,test-execution,300.062,80.1,,3.11
32647024996,httpie,C3,P01 HTTPie C3 Consolidated,dependency-installation,53.9077,12.89,,
32647024996,httpie,C3,P01 HTTPie C3 Consolidated,lint,75.5173,18.76,,
32647024030,httpie,C2,P01 HTTPie C2 Code Style,dependency-installation,54.6633,13.08,,
32647024030,httpie,C2,P01 HTTPie C2 Code Style,lint,66.8795,16.47,,
32647024131,httpie,C2,P01 HTTPie C2 Coverage,checkout,3.356,1.23,,
32647024131,httpie,C2,P01 HTTPie C2 Coverage,dependency-installation,69.4743,17.67,,
32647024131,httpie,C2,P01 HTTPie C2 Coverage,coverage,310.83,89.24,,
32647024131,httpie,C2,P01 HTTPie C2 Coverage,dist-test,63.0063,15.54,,
32646940280,gson,C4,P05 Gson C4 Combined,checkout,6.0232,1.35,,
32646940280,gson,C4,P05 Gson C4 Combined,test-execution,203.748,32.27,,
32646939020,gson,C3,P05 Gson C3 Consolidated,test-execution,256.466,44.8,,
32646936298,gson,C2,P05 Gson C2 Tests,checkout,4.80816,1.17,,
32646936298,gson,C2,P05 Gson C2 Tests,test-execution,237.766,38.27,,
32646935102,gson,C1,P05 Gson C1 Tests,checkout,4.1257,1.12,,
32646935102,gson,C1,P05 Gson C1 Tests,test-execution,351.767,75.25,,
32646933519,resty,C4,P04 resty C4 Combined,checkout,11.8709,2.27,,
32646933519,resty,C4,P04 resty C4 Combined,dependency-installation,37.9698,8.97,,
32646933519,resty,C4,P04 resty C4 Combined,test-execution,183.62,80.84,,
32646932487,resty,C3,P04 resty C3 Consolidated,checkout,8.16998,1.8,,
32646932487,resty,C3,P04 resty C3 Consolidated,dependency-installation,36.5229,8.63,,
32646932487,resty,C3,P04 resty C3 Consolidated,test-execution,183.242,80.5,,
32646931578,resty,C2,P04 resty C2 Tests,checkout,5.26965,1.93,,
32646931578,resty,C2,P04 resty C2 Tests,dependency-installation,42.0224,10.4,,
32646931578,resty,C2,P04 resty C2 Tests,test-execution,185.229,81.48,,
32646929593,resty,C1,P04 resty C1 Tests,checkout,5.35441,1.16,,
32646929593,resty,C1,P04 resty C1 Tests,dependency-installation,39.7782,9.35,,
32646929593,resty,C1,P04 resty C1 Tests,test-execution,182.986,79.72,,
32646928034,retrofit,C4,P03 Retrofit C4 Combined,checkout,6.19261,1.43,,
32646928034,retrofit,C4,P03 Retrofit C4 Combined,test-execution,333.267,63.85,,
32646925765,retrofit,C2,P03 Retrofit C2 Tests,test-execution,315.455,59.31,,
32646926093,retrofit,C3,P03 Retrofit C3 Consolidated,checkout,6.01337,1.42,,
32646926093,retrofit,C3,P03 Retrofit C3 Consolidated,test-execution,398.99,73.69,,
32646922407,retrofit,C1,P03 Retrofit C1 Tests,checkout,2.65455,1.1,,
32646922407,retrofit,C1,P03 Retrofit C1 Tests,test-execution,529.835,95.96,,
32646920052,got,C4,P02 got C4 Combined,checkout,4.48193,1.24,,
32646920052,got,C4,P02 got C4 Combined,dependency-installation,164.043,34.17,,
32646920052,got,C4,P02 got C4 Combined,test-execution,377.006,71.9,,
32646920052,got,C4,P02 got C4 Combined,dependency-installation,187.077,40.07,,
32646920052,got,C4,P02 got C4 Combined,test-execution,268.016,54.25,,
32646920059,got,C3,P02 got C3 Consolidated,dependency-installation,166.491,35.75,,
32646920059,got,C3,P02 got C3 Consolidated,test-execution,379.139,72.83,,
32646920059,got,C3,P02 got C3 Consolidated,checkout,4.13064,1.18,,
32646920059,got,C3,P02 got C3 Consolidated,dependency-installation,148.417,33.29,,
32646920059,got,C3,P02 got C3 Consolidated,test-execution,328.407,67.45,,
32646916807,got,C2,P02 got C2 Tests,checkout,4.99074,1.36,,
32646916807,got,C2,P02 got C2 Tests,dependency-installation,196.549,46.09,,
32646916807,got,C2,P02 got C2 Tests,test-execution,379.009,72.81,,
32646916807,got,C2,P02 got C2 Tests,dependency-installation,141.909,29.26,,
32646916807,got,C2,P02 got C2 Tests,test-execution,313.093,64.0,,
32646915525,got,C1,P02 got C1 Tests,dependency-installation,152.875,33.33,,
32646915525,got,C1,P02 got C1 Tests,test-execution,341.274,69.26,,
32646915525,got,C1,P02 got C1 Tests,dependency-installation,135.877,29.51,,
32646915525,got,C1,P02 got C1 Tests,test-execution,317.557,62.46,,
32646913037,httpie,C4,P01 HTTPie C4 Combined,dependency-installation,84.7043,20.57,,
32646913037,httpie,C4,P01 HTTPie C4 Combined,coverage,380.761,105.24,,
32646913037,httpie,C4,P01 HTTPie C4 Combined,dist-test,79.8532,19.61,,
32646913037,httpie,C4,P01 HTTPie C4 Combined,checkout,4.97213,1.13,,3.10
32646913037,httpie,C4,P01 HTTPie C4 Combined,dependency-installation,86.409,20.98,,3.10
32646913037,httpie,C4,P01 HTTPie C4 Combined,test-execution,340.992,96.3,,3.10
32646913037,httpie,C4,P01 HTTPie C4 Combined,checkout,5.81649,1.59,,3.12
32646913037,httpie,C4,P01 HTTPie C4 Combined,dependency-installation,76.6239,19.18,,3.12
32646913037,httpie,C4,P01 HTTPie C4 Combined,test-execution,338.15,96.02,,3.12
32646913037,httpie,C4,P01 HTTPie C4 Combined,dependency-installation,87.8401,20.84,,3.11
32646913037,httpie,C4,P01 HTTPie C4 Combined,test-execution,328.598,92.48,,3.11
32646913037,httpie,C4,P01 HTTPie C4 Combined,dependency-installation,53.8106,12.83,,
32646913037,httpie,C4,P01 HTTPie C4 Combined,lint,66.8549,16.28,,
32646906995,httpie,C2,P01 HTTPie C2 Tests,checkout,9.05139,2.01,,3.10
32646906995,httpie,C2,P01 HTTPie C2 Tests,dependency-installation,81.7832,19.83,,3.10
32646906995,httpie,C2,P01 HTTPie C2 Tests,test-execution,334.645,94.51,,3.10
32646906995,httpie,C2,P01 HTTPie C2 Tests,dependency-installation,73.377,17.37,,3.11
32646906995,httpie,C2,P01 HTTPie C2 Tests,test-execution,322.932,92.09,,3.11
32646906995,httpie,C2,P01 HTTPie C2 Tests,checkout,4.07056,1.15,,3.12
32646906995,httpie,C2,P01 HTTPie C2 Tests,dependency-installation,67.7872,16.82,,3.12
32646906995,httpie,C2,P01 HTTPie C2 Tests,test-execution,289.191,80.08,,3.12
32646905437,httpie,C1,P01 HTTPie C1 Coverage,dependency-installation,106.174,25.89,,
32646905437,httpie,C1,P01 HTTPie C1 Coverage,coverage,373.959,103.13,,
32646905437,httpie,C1,P01 HTTPie C1 Coverage,dist-test,80.5228,19.75,,
32646902820,httpie,C1,P01 HTTPie C1 Code Style,dependency-installation,52.3661,12.71,,
32646902820,httpie,C1,P01 HTTPie C1 Code Style,lint,70.8656,17.6,,
32646900926,httpie,C1,P01 HTTPie C1 Tests,checkout,2.64379,1.08,,3.12
32646900926,httpie,C1,P01 HTTPie C1 Tests,dependency-installation,91.8502,22.67,,3.12
32646900926,httpie,C1,P01 HTTPie C1 Tests,test-execution,370.511,103.44,,3.12
32646900926,httpie,C1,P01 HTTPie C1 Tests,checkout,5.86287,1.47,,3.10
32646900926,httpie,C1,P01 HTTPie C1 Tests,dependency-installation,135.918,30.46,,3.10
32646900926,httpie,C1,P01 HTTPie C1 Tests,test-execution,326.972,85.62,,3.10
32646900926,httpie,C1,P01 HTTPie C1 Tests,checkout,4.37422,1.27,,3.11
32646900926,httpie,C1,P01 HTTPie C1 Tests,dependency-installation,100.703,25.4,,3.11
32646900926,httpie,C1,P01 HTTPie C1 Tests,test-execution,315.986,89.91,,3.11
32646680734,gson,C4,P05 Gson C4 Combined,checkout,4.64994,1.21,,
32646680734,gson,C4,P05 Gson C4 Combined,test-execution,192.163,32.66,,
32646679351,gson,C3,P05 Gson C3 Consolidated,checkout,4.95098,1.09,,
32646679351,gson,C3,P05 Gson C3 Consolidated,test-execution,261.558,47.04,,
32646677421,gson,C2,P05 Gson C2 Tests,checkout,4.81945,1.1,,
32646677421,gson,C2,P05 Gson C2 Tests,test-execution,222.299,34.59,,
32646676072,gson,C1,P05 Gson C1 Tests,checkout,5.76592,1.58,,
32646676072,gson,C1,P05 Gson C1 Tests,test-execution,279.286,50.99,,
32646674869,resty,C4,P04 resty C4 Combined,dependency-installation,37.4362,9.04,,
32646674869,resty,C4,P04 resty C4 Combined,test-execution,189.472,78.07,,
32646673791,resty,C3,P04 resty C3 Consolidated,checkout,8.19625,1.84,,
32646673791,resty,C3,P04 resty C3 Consolidated,dependency-installation,51.3009,13.09,,
32646673791,resty,C3,P04 resty C3 Consolidated,test-execution,185.014,80.84,,
32646672665,resty,C2,P04 resty C2 Tests,dependency-installation,45.4303,11.35,,
32646672665,resty,C2,P04 resty C2 Tests,test-execution,182.34,79.76,,
32646671742,resty,C1,P04 resty C1 Tests,checkout,7.24293,1.62,,
32646671742,resty,C1,P04 resty C1 Tests,dependency-installation,42.7219,10.25,,
32646671742,resty,C1,P04 resty C1 Tests,test-execution,182.332,79.52,,
32646669333,retrofit,C4,P03 Retrofit C4 Combined,checkout,2.77361,1.09,,
32646669333,retrofit,C4,P03 Retrofit C4 Combined,test-execution,351.674,69.83,,
32646667222,retrofit,C2,P03 Retrofit C2 Tests,checkout,5.01641,1.1,,
32646667222,retrofit,C2,P03 Retrofit C2 Tests,test-execution,333.308,65.88,,
32646667137,retrofit,C3,P03 Retrofit C3 Consolidated,checkout,4.03252,1.14,,
32646667137,retrofit,C3,P03 Retrofit C3 Consolidated,test-execution,564.06,107.25,,
32646664080,retrofit,C1,P03 Retrofit C1 Tests,checkout,4.72515,1.29,,
32646664080,retrofit,C1,P03 Retrofit C1 Tests,test-execution,528.816,93.39,,
32646662453,got,C4,P02 got C4 Combined,checkout,3.30461,1.2,,
32646662453,got,C4,P02 got C4 Combined,dependency-installation,158.441,34.7,,
32646662453,got,C4,P02 got C4 Combined,test-execution,381.823,73.13,,
32646662453,got,C4,P02 got C4 Combined,checkout,3.23555,1.06,,
32646662453,got,C4,P02 got C4 Combined,dependency-installation,165.874,36.95,,
32646662453,got,C4,P02 got C4 Combined,test-execution,329.634,67.21,,
32646661437,got,C3,P02 got C3 Consolidated,dependency-installation,171.466,35.46,,
32646661437,got,C3,P02 got C3 Consolidated,test-execution,371.52,71.05,,
32646661437,got,C3,P02 got C3 Consolidated,checkout,3.60887,1.21,,
32646661437,got,C3,P02 got C3 Consolidated,dependency-installation,148.728,33.38,,
32646661437,got,C3,P02 got C3 Consolidated,test-execution,332.833,68.38,,
32646658564,got,C2,P02 got C2 Tests,dependency-installation,146.289,30.78,,
32646658564,got,C2,P02 got C2 Tests,test-execution,382.78,73.68,,
32646658564,got,C2,P02 got C2 Tests,dependency-installation,143.597,29.24,,
32646658564,got,C2,P02 got C2 Tests,test-execution,324.137,66.04,,
32646657274,got,C1,P02 got C1 Tests,dependency-installation,187.298,39.9,,
32646657274,got,C1,P02 got C1 Tests,test-execution,385.467,73.24,,
32646657274,got,C1,P02 got C1 Tests,checkout,4.55416,1.05,,
32646657274,got,C1,P02 got C1 Tests,dependency-installation,176.732,39.81,,
32646657274,got,C1,P02 got C1 Tests,test-execution,328.737,66.81,,
32646654030,httpie,C4,P01 HTTPie C4 Combined,checkout,4.89639,1.11,,
32646654030,httpie,C4,P01 HTTPie C4 Combined,dependency-installation,83.5972,19.81,,
32646654030,httpie,C4,P01 HTTPie C4 Combined,coverage,393.82,101.42,,
32646654030,httpie,C4,P01 HTTPie C4 Combined,dist-test,69.0189,16.58,,
32646654030,httpie,C4,P01 HTTPie C4 Combined,checkout,4.74992,1.09,,3.10
32646654030,httpie,C4,P01 HTTPie C4 Combined,dependency-installation,83.8604,20.22,,3.10
32646654030,httpie,C4,P01 HTTPie C4 Combined,test-execution,348.946,97.4,,3.10
32646654030,httpie,C4,P01 HTTPie C4 Combined,dependency-installation,99.1756,23.93,,3.12
32646654030,httpie,C4,P01 HTTPie C4 Combined,test-execution,280.67,81.64,,3.12
32646654030,httpie,C4,P01 HTTPie C4 Combined,checkout,3.85755,1.26,,3.11
32646654030,httpie,C4,P01 HTTPie C4 Combined,dependency-installation,73.1121,18.56,,3.11
32646654030,httpie,C4,P01 HTTPie C4 Combined,test-execution,263.593,77.7,,3.11
32646654030,httpie,C4,P01 HTTPie C4 Combined,dependency-installation,60.8384,14.92,,
32646654030,httpie,C4,P01 HTTPie C4 Combined,lint,72.9906,17.88,,
32646653475,httpie,C3,P01 HTTPie C3 Consolidated,dependency-installation,98.9578,24.35,,
32646653475,httpie,C3,P01 HTTPie C3 Consolidated,coverage,388.773,106.51,,
32646653475,httpie,C3,P01 HTTPie C3 Consolidated,dist-test,80.8641,19.89,,
32646653475,httpie,C3,P01 HTTPie C3 Consolidated,checkout,5.2913,1.18,,3.12
32646653475,httpie,C3,P01 HTTPie C3 Consolidated,dependency-installation,113.522,27.79,,3.12
32646653475,httpie,C3,P01 HTTPie C3 Consolidated,test-execution,343.851,96.44,,3.12
32646653475,httpie,C3,P01 HTTPie C3 Consolidated,dependency-installation,122.465,28.52,,3.10
32646653475,httpie,C3,P01 HTTPie C3 Consolidated,test-execution,296.032,84.21,,3.10
32646653475,httpie,C3,P01 HTTPie C3 Consolidated,dependency-installation,107.622,26.01,,3.11
32646653475,httpie,C3,P01 HTTPie C3 Consolidated,test-execution,309.428,89.15,,3.11
32646653475,httpie,C3,P01 HTTPie C3 Consolidated,dependency-installation,53.3987,12.87,,
32646653475,httpie,C3,P01 HTTPie C3 Consolidated,lint,72.7409,17.79,,
32646652560,httpie,C2,P01 HTTPie C2 Code Style,dependency-installation,55.5872,13.38,,
32646652560,httpie,C2,P01 HTTPie C2 Code Style,lint,66.9612,16.4,,
32646652951,httpie,C2,P01 HTTPie C2 Coverage,dependency-installation,94.2474,22.21,,
32646652951,httpie,C2,P01 HTTPie C2 Coverage,coverage,386.525,106.74,,
32646652951,httpie,C2,P01 HTTPie C2 Coverage,dist-test,81.6215,19.95,,
32646647632,httpie,C2,P01 HTTPie C2 Tests,checkout,4.79271,1.05,,3.11
32646647632,httpie,C2,P01 HTTPie C2 Tests,dependency-installation,89.4532,21.6,,3.11
32646647632,httpie,C2,P01 HTTPie C2 Tests,test-execution,331.36,93.95,,3.11
32646647632,httpie,C2,P01 HTTPie C2 Tests,dependency-installation,72.8513,17.61,,3.12
32646647632,httpie,C2,P01 HTTPie C2 Tests,test-execution,336.226,94.57,,3.12
32646647632,httpie,C2,P01 HTTPie C2 Tests,checkout,6.9436,1.62,,3.10
32646647632,httpie,C2,P01 HTTPie C2 Tests,dependency-installation,74.8774,17.83,,3.10
32646647632,httpie,C2,P01 HTTPie C2 Tests,test-execution,315.99,87.54,,3.10
32646646005,httpie,C1,P01 HTTPie C1 Coverage,checkout,6.57712,1.71,,
32646646005,httpie,C1,P01 HTTPie C1 Coverage,dependency-installation,131.982,32.13,,
32646646005,httpie,C1,P01 HTTPie C1 Coverage,coverage,349.927,95.77,,
32646646005,httpie,C1,P01 HTTPie C1 Coverage,dist-test,71.6876,17.67,,
32646643279,httpie,C1,P01 HTTPie C1 Code Style,dependency-installation,55.9991,13.13,,
32646643279,httpie,C1,P01 HTTPie C1 Code Style,lint,73.6257,18.1,,
32646641653,httpie,C1,P01 HTTPie C1 Tests,checkout,5.77484,1.31,,3.10
32646641653,httpie,C1,P01 HTTPie C1 Tests,dependency-installation,110.213,26.54,,3.10
32646641653,httpie,C1,P01 HTTPie C1 Tests,test-execution,355.195,99.5,,3.10
32646641653,httpie,C1,P01 HTTPie C1 Tests,checkout,4.47733,1.28,,3.12
32646641653,httpie,C1,P01 HTTPie C1 Tests,dependency-installation,91.2515,22.39,,3.12
32646641653,httpie,C1,P01 HTTPie C1 Tests,test-execution,352.279,98.56,,3.12
32646641653,httpie,C1,P01 HTTPie C1 Tests,checkout,5.36391,1.22,,3.11
32646641653,httpie,C1,P01 HTTPie C1 Tests,dependency-installation,100.164,22.96,,3.11
32646641653,httpie,C1,P01 HTTPie C1 Tests,test-execution,312.987,82.5,,3.11
32646428943,gson,C4,P05 Gson C4 Combined,checkout,5.03566,1.47,,
32646428943,gson,C4,P05 Gson C4 Combined,test-execution,215.185,33.49,,
32646427160,gson,C3,P05 Gson C3 Consolidated,test-execution,250.935,43.28,,
32646424886,gson,C2,P05 Gson C2 Tests,test-execution,227.132,36.18,,
32646423471,gson,C1,P05 Gson C1 Tests,checkout,4.68055,1.08,,
32646423471,gson,C1,P05 Gson C1 Tests,test-execution,270.005,47.7,,
32646421375,resty,C4,P04 resty C4 Combined,checkout,6.2525,1.39,,
32646421375,resty,C4,P04 resty C4 Combined,dependency-installation,38.5765,9.18,,
32646421375,resty,C4,P04 resty C4 Combined,test-execution,187.375,80.64,,
32646420119,resty,C3,P04 resty C3 Consolidated,checkout,8.31352,1.9,,
32646420119,resty,C3,P04 resty C3 Consolidated,dependency-installation,47.116,12.26,,
32646420119,resty,C3,P04 resty C3 Consolidated,test-execution,187.793,80.8,,
32646417899,resty,C2,P04 resty C2 Tests,checkout,6.775,1.49,,
32646417899,resty,C2,P04 resty C2 Tests,dependency-installation,37.689,8.85,,
32646417899,resty,C2,P04 resty C2 Tests,test-execution,186.769,80.59,,
32646416189,resty,C1,P04 resty C1 Tests,checkout,4.04661,1.35,,
32646416189,resty,C1,P04 resty C1 Tests,dependency-installation,44.7903,11.6,,
32646416189,resty,C1,P04 resty C1 Tests,test-execution,185.192,79.87,,
32646413878,retrofit,C4,P03 Retrofit C4 Combined,checkout,4.86403,1.1,,
32646413878,retrofit,C4,P03 Retrofit C4 Combined,test-execution,336.438,64.71,,
32646412284,retrofit,C3,P03 Retrofit C3 Consolidated,checkout,5.8722,1.34,,
32646412284,retrofit,C3,P03 Retrofit C3 Consolidated,test-execution,520.349,93.5,,
32646411445,retrofit,C2,P03 Retrofit C2 Tests,test-execution,304.419,55.64,,
32646408288,retrofit,C1,P03 Retrofit C1 Tests,checkout,6.34005,1.38,,
32646408288,retrofit,C1,P03 Retrofit C1 Tests,test-execution,502.067,89.28,,
32646405586,got,C3,P02 got C3 Consolidated,checkout,4.90273,1.13,,
32646405586,got,C3,P02 got C3 Consolidated,dependency-installation,189.49,39.59,,
32646405586,got,C3,P02 got C3 Consolidated,test-execution,389.125,74.32,,
32646405586,got,C3,P02 got C3 Consolidated,checkout,4.02366,1.11,,
32646405586,got,C3,P02 got C3 Consolidated,dependency-installation,159.819,34.88,,
32646405586,got,C3,P02 got C3 Consolidated,test-execution,318.83,65.85,,
32646405574,got,C4,P02 got C4 Combined,checkout,4.26316,1.21,,
32646405574,got,C4,P02 got C4 Combined,dependency-installation,141.901,30.93,,
32646405574,got,C4,P02 got C4 Combined,test-execution,381.345,73.37,,
32646405574,got,C4,P02 got C4 Combined,dependency-installation,149.134,30.58,,
32646405574,got,C4,P02 got C4 Combined,test-execution,325.642,66.24,,
32646401426,got,C2,P02 got C2 Tests,checkout,5.10274,1.17,,
32646401426,got,C2,P02 got C2 Tests,dependency-installation,173.36,36.27,,
32646401426,got,C2,P02 got C2 Tests,test-execution,332.176,67.92,,
32646401426,got,C2,P02 got C2 Tests,dependency-installation,158.091,32.02,,
32646401426,got,C2,P02 got C2 Tests,test-execution,390.454,74.08,,
32646399854,got,C1,P02 got C1 Tests,checkout,6.40824,1.45,,
32646399854,got,C1,P02 got C1 Tests,dependency-installation,198.678,47.04,,
32646399854,got,C1,P02 got C1 Tests,test-execution,330.963,67.39,,
32646399854,got,C1,P02 got C1 Tests,dependency-installation,176.163,36.48,,
32646399854,got,C1,P02 got C1 Tests,test-execution,400.209,76.61,,
32646396589,httpie,C4,P01 HTTPie C4 Combined,checkout,3.96476,1.09,,
32646396589,httpie,C4,P01 HTTPie C4 Combined,dependency-installation,86.7231,21.54,,
32646396589,httpie,C4,P01 HTTPie C4 Combined,coverage,377.151,104.78,,
32646396589,httpie,C4,P01 HTTPie C4 Combined,dist-test,80.6169,19.85,,
32646396589,httpie,C4,P01 HTTPie C4 Combined,dependency-installation,81.8645,19.86,,3.10
32646396589,httpie,C4,P01 HTTPie C4 Combined,test-execution,334.549,93.94,,3.10
32646396589,httpie,C4,P01 HTTPie C4 Combined,checkout,4.38961,1.06,,3.12
32646396589,httpie,C4,P01 HTTPie C4 Combined,dependency-installation,75.9649,18.39,,3.12
32646396589,httpie,C4,P01 HTTPie C4 Combined,test-execution,341.459,95.93,,3.12
32646396589,httpie,C4,P01 HTTPie C4 Combined,checkout,5.16708,1.5,,3.11
32646396589,httpie,C4,P01 HTTPie C4 Combined,dependency-installation,61.0627,15.27,,3.11
32646396589,httpie,C4,P01 HTTPie C4 Combined,test-execution,276.861,80.55,,3.11
32646396589,httpie,C4,P01 HTTPie C4 Combined,checkout,6.20504,1.41,,
32646396589,httpie,C4,P01 HTTPie C4 Combined,dependency-installation,53.6438,12.85,,
32646396589,httpie,C4,P01 HTTPie C4 Combined,lint,71.5695,15.9,,
32646388365,httpie,C2,P01 HTTPie C2 Tests,checkout,5.27481,1.21,,3.10
32646388365,httpie,C2,P01 HTTPie C2 Tests,dependency-installation,87.411,20.6,,3.10
32646388365,httpie,C2,P01 HTTPie C2 Tests,test-execution,360.967,100.41,,3.10
32646388365,httpie,C2,P01 HTTPie C2 Tests,checkout,7.78676,1.76,,3.12
32646388365,httpie,C2,P01 HTTPie C2 Tests,dependency-installation,94.1717,21.81,,3.12
32646388365,httpie,C2,P01 HTTPie C2 Tests,test-execution,372.002,95.77,,3.12
32646388365,httpie,C2,P01 HTTPie C2 Tests,dependency-installation,70.4151,17.09,,3.11
32646388365,httpie,C2,P01 HTTPie C2 Tests,test-execution,312.361,89.43,,3.11
32646387215,httpie,C1,P01 HTTPie C1 Coverage,checkout,5.54226,1.5,,
32646387215,httpie,C1,P01 HTTPie C1 Coverage,dependency-installation,84.7752,20.7,,
32646387215,httpie,C1,P01 HTTPie C1 Coverage,coverage,338.536,91.55,,
32646387215,httpie,C1,P01 HTTPie C1 Coverage,dist-test,56.2003,13.88,,
32646384723,httpie,C1,P01 HTTPie C1 Code Style,checkout,4.82521,1.42,,
32646384723,httpie,C1,P01 HTTPie C1 Code Style,dependency-installation,46.6394,11.62,,
32646384723,httpie,C1,P01 HTTPie C1 Code Style,lint,73.216,18.65,,
32646383259,httpie,C1,P01 HTTPie C1 Tests,checkout,4.40958,1.21,,3.12
32646383259,httpie,C1,P01 HTTPie C1 Tests,dependency-installation,111.367,27.89,,3.12
32646383259,httpie,C1,P01 HTTPie C1 Tests,test-execution,361.184,100.35,,3.12
32646383259,httpie,C1,P01 HTTPie C1 Tests,dependency-installation,104.168,25.43,,3.10
32646383259,httpie,C1,P01 HTTPie C1 Tests,test-execution,348.237,97.71,,3.10
32646383259,httpie,C1,P01 HTTPie C1 Tests,dependency-installation,102.3,25.22,,3.11
32646383259,httpie,C1,P01 HTTPie C1 Tests,test-execution,315.953,89.88,,3.11
32646309506,httpie,C3,P01 HTTPie C3 Consolidated,checkout,7.84813,1.81,,
32646309506,httpie,C3,P01 HTTPie C3 Consolidated,dependency-installation,113.728,27.49,,
32646309506,httpie,C3,P01 HTTPie C3 Consolidated,coverage,375.693,104.77,,
32646309506,httpie,C3,P01 HTTPie C3 Consolidated,dist-test,78.9067,19.32,,
32646309506,httpie,C3,P01 HTTPie C3 Consolidated,checkout,5.96904,1.33,,3.10
32646309506,httpie,C3,P01 HTTPie C3 Consolidated,dependency-installation,118.515,29.11,,3.10
32646309506,httpie,C3,P01 HTTPie C3 Consolidated,test-execution,345.296,96.9,,3.10
32646309506,httpie,C3,P01 HTTPie C3 Consolidated,dependency-installation,104.516,24.77,,3.12
32646309506,httpie,C3,P01 HTTPie C3 Consolidated,test-execution,360.038,100.15,,3.12
32646309506,httpie,C3,P01 HTTPie C3 Consolidated,checkout,4.15153,1.49,,3.11
32646309506,httpie,C3,P01 HTTPie C3 Consolidated,dependency-installation,110.574,27.69,,3.11
32646309506,httpie,C3,P01 HTTPie C3 Consolidated,test-execution,322.356,91.53,,3.11
32646309506,httpie,C3,P01 HTTPie C3 Consolidated,dependency-installation,52.8759,12.92,,
32646309506,httpie,C3,P01 HTTPie C3 Consolidated,lint,72.6059,17.98,,
32646307584,httpie,C2,P01 HTTPie C2 Coverage,dependency-installation,77.4024,19.07,,
32646307584,httpie,C2,P01 HTTPie C2 Coverage,coverage,362.098,100.88,,
32646307584,httpie,C2,P01 HTTPie C2 Coverage,dist-test,79.2121,19.55,,
32646307095,httpie,C2,P01 HTTPie C2 Code Style,checkout,3.60293,1.17,,
32646307095,httpie,C2,P01 HTTPie C2 Code Style,dependency-installation,53.7324,13.29,,
32646307095,httpie,C2,P01 HTTPie C2 Code Style,lint,70.6828,17.59,,
32646166562,gson,C4,P05 Gson C4 Combined,checkout,3.05241,1.04,,
32646166562,gson,C4,P05 Gson C4 Combined,test-execution,221.452,34.08,,
32646164647,gson,C3,P05 Gson C3 Consolidated,checkout,4.22406,1.21,,
32646164647,gson,C3,P05 Gson C3 Consolidated,test-execution,246.297,42.12,,
32646162955,gson,C2,P05 Gson C2 Tests,test-execution,215.895,32.51,,
32646161428,gson,C1,P05 Gson C1 Tests,test-execution,271.115,48.45,,
32646159551,resty,C4,P04 resty C4 Combined,checkout,5.13028,1.39,,
32646159551,resty,C4,P04 resty C4 Combined,dependency-installation,35.6017,8.53,,
32646159551,resty,C4,P04 resty C4 Combined,test-execution,183.302,80.79,,
32646158271,resty,C3,P04 resty C3 Consolidated,checkout,7.46613,1.72,,
32646158271,resty,C3,P04 resty C3 Consolidated,dependency-installation,49.261,11.67,,
32646158271,resty,C3,P04 resty C3 Consolidated,test-execution,189.145,81.96,,
32646156331,resty,C2,P04 resty C2 Tests,checkout,4.94832,1.35,,
32646156331,resty,C2,P04 resty C2 Tests,dependency-installation,44.1234,11.64,,
32646156331,resty,C2,P04 resty C2 Tests,test-execution,182.686,80.61,,
32646154390,resty,C1,P04 resty C1 Tests,dependency-installation,50.5348,10.52,,
32646154390,resty,C1,P04 resty C1 Tests,test-execution,185.456,79.85,,
32646152059,retrofit,C4,P03 Retrofit C4 Combined,checkout,2.49577,1.19,,
32646152059,retrofit,C4,P03 Retrofit C4 Combined,test-execution,334.816,64.83,,
32646150825,retrofit,C3,P03 Retrofit C3 Consolidated,checkout,7.24428,1.61,,
32646150825,retrofit,C3,P03 Retrofit C3 Consolidated,test-execution,507.719,92.65,,
32646149006,retrofit,C2,P03 Retrofit C2 Tests,checkout,7.05475,1.58,,
32646149006,retrofit,C2,P03 Retrofit C2 Tests,test-execution,336.542,62.54,,
32646146553,retrofit,C1,P03 Retrofit C1 Tests,checkout,4.09074,1.21,,
32646146553,retrofit,C1,P03 Retrofit C1 Tests,test-execution,495.539,88.31,,
32646144539,got,C4,P02 got C4 Combined,checkout,5.52371,1.46,,
32646144539,got,C4,P02 got C4 Combined,dependency-installation,150.106,32.74,,
32646144539,got,C4,P02 got C4 Combined,test-execution,368.056,69.8,,
32646144539,got,C4,P02 got C4 Combined,dependency-installation,157.298,32.82,,
32646144539,got,C4,P02 got C4 Combined,test-execution,333.657,66.83,,
32646143660,got,C3,P02 got C3 Consolidated,dependency-installation,177.931,39.52,,
32646143660,got,C3,P02 got C3 Consolidated,test-execution,317.95,65.4,,
32646143660,got,C3,P02 got C3 Consolidated,dependency-installation,156.115,33.83,,
32646143660,got,C3,P02 got C3 Consolidated,test-execution,370.96,71.1,,
32646141013,got,C2,P02 got C2 Tests,dependency-installation,162.756,34.93,,
32646141013,got,C2,P02 got C2 Tests,test-execution,380.756,72.99,,
32646141013,got,C2,P02 got C2 Tests,checkout,4.75222,1.07,,
32646141013,got,C2,P02 got C2 Tests,dependency-installation,148.602,29.54,,
32646141013,got,C2,P02 got C2 Tests,test-execution,290.021,58.5,,
32646139077,got,C1,P02 got C1 Tests,checkout,4.32956,1.23,,
32646139077,got,C1,P02 got C1 Tests,dependency-installation,178.484,37.95,,
32646139077,got,C1,P02 got C1 Tests,test-execution,385.386,74.58,,
32646139077,got,C1,P02 got C1 Tests,checkout,3.24846,1.04,,
32646139077,got,C1,P02 got C1 Tests,dependency-installation,169.642,36.98,,
32646139077,got,C1,P02 got C1 Tests,test-execution,328.619,67.0,,
32646137159,httpie,C4,P01 HTTPie C4 Combined,dependency-installation,87.1724,21.29,,
32646137159,httpie,C4,P01 HTTPie C4 Combined,coverage,390.6,107.31,,
32646137159,httpie,C4,P01 HTTPie C4 Combined,dist-test,83.7697,20.63,,
32646137159,httpie,C4,P01 HTTPie C4 Combined,checkout,5.16773,1.47,,3.10
32646137159,httpie,C4,P01 HTTPie C4 Combined,dependency-installation,83.1205,20.7,,3.10
32646137159,httpie,C4,P01 HTTPie C4 Combined,test-execution,345.204,97.19,,3.10
32646137159,httpie,C4,P01 HTTPie C4 Combined,checkout,4.89506,1.39,,3.11
32646137159,httpie,C4,P01 HTTPie C4 Combined,dependency-installation,83.8412,20.88,,3.11
32646137159,httpie,C4,P01 HTTPie C4 Combined,test-execution,321.947,92.1,,3.11
32646137159,httpie,C4,P01 HTTPie C4 Combined,checkout,5.85464,1.66,,3.12
32646137159,httpie,C4,P01 HTTPie C4 Combined,dependency-installation,68.2209,17.06,,3.12
32646137159,httpie,C4,P01 HTTPie C4 Combined,test-execution,273.547,80.48,,3.12
32646137159,httpie,C4,P01 HTTPie C4 Combined,checkout,5.41397,1.47,,
32646137159,httpie,C4,P01 HTTPie C4 Combined,dependency-installation,52.6387,13.13,,
32646137159,httpie,C4,P01 HTTPie C4 Combined,lint,64.3673,15.86,,
32646130697,httpie,C2,P01 HTTPie C2 Tests,dependency-installation,76.0269,18.18,,3.12
32646130697,httpie,C2,P01 HTTPie C2 Tests,test-execution,345.908,96.94,,3.12
32646130697,httpie,C2,P01 HTTPie C2 Tests,checkout,2.86933,1.34,,3.10
32646130697,httpie,C2,P01 HTTPie C2 Tests,dependency-installation,71.9058,18.34,,3.10
32646130697,httpie,C2,P01 HTTPie C2 Tests,test-execution,314.155,89.74,,3.10
32646130697,httpie,C2,P01 HTTPie C2 Tests,dependency-installation,73.8921,17.93,,3.11
32646130697,httpie,C2,P01 HTTPie C2 Tests,test-execution,318.927,90.61,,3.11
32646129273,httpie,C1,P01 HTTPie C1 Coverage,checkout,3.06039,1.32,,
32646129273,httpie,C1,P01 HTTPie C1 Coverage,dependency-installation,107.323,27.18,,
32646129273,httpie,C1,P01 HTTPie C1 Coverage,coverage,367.868,102.54,,
32646129273,httpie,C1,P01 HTTPie C1 Coverage,dist-test,81.0439,20.16,,
32646127119,httpie,C1,P01 HTTPie C1 Code Style,checkout,5.59546,1.24,,
32646127119,httpie,C1,P01 HTTPie C1 Code Style,dependency-installation,55.1101,13.13,,
32646127119,httpie,C1,P01 HTTPie C1 Code Style,lint,80.335,19.74,,
32646126443,httpie,C1,P01 HTTPie C1 Tests,checkout,2.99776,1.31,,3.11
32646126443,httpie,C1,P01 HTTPie C1 Tests,dependency-installation,94.7178,23.48,,3.11
32646126443,httpie,C1,P01 HTTPie C1 Tests,test-execution,339.45,96.47,,3.11
32646126443,httpie,C1,P01 HTTPie C1 Tests,dependency-installation,101.058,24.89,,3.10
32646126443,httpie,C1,P01 HTTPie C1 Tests,test-execution,341.376,96.73,,3.10
32646126443,httpie,C1,P01 HTTPie C1 Tests,dependency-installation,96.6514,23.59,,3.12
32646126443,httpie,C1,P01 HTTPie C1 Tests,test-execution,337.763,95.35,,3.12
32645992518,httpie,C3,P01 HTTPie C3 Consolidated,dependency-installation,104.699,25.91,,
32645992518,httpie,C3,P01 HTTPie C3 Consolidated,coverage,392.126,110.89,,
32645992518,httpie,C3,P01 HTTPie C3 Consolidated,dist-test,80.659,19.9,,
32645992518,httpie,C3,P01 HTTPie C3 Consolidated,checkout,5.74617,1.39,,3.10
32645992518,httpie,C3,P01 HTTPie C3 Consolidated,dependency-installation,112.335,26.78,,3.10
32645992518,httpie,C3,P01 HTTPie C3 Consolidated,test-execution,364.336,101.44,,3.10
32645992518,httpie,C3,P01 HTTPie C3 Consolidated,checkout,5.13593,1.16,,3.11
32645992518,httpie,C3,P01 HTTPie C3 Consolidated,dependency-installation,97.796,23.84,,3.11
32645992518,httpie,C3,P01 HTTPie C3 Consolidated,test-execution,336.542,94.74,,3.11
32645992518,httpie,C3,P01 HTTPie C3 Consolidated,checkout,10.0693,2.21,,3.12
32645992518,httpie,C3,P01 HTTPie C3 Consolidated,dependency-installation,84.3878,20.53,,3.12
32645992518,httpie,C3,P01 HTTPie C3 Consolidated,test-execution,318.034,82.67,,3.12
32645992518,httpie,C3,P01 HTTPie C3 Consolidated,checkout,6.11712,1.34,,
32645992518,httpie,C3,P01 HTTPie C3 Consolidated,dependency-installation,52.6035,12.28,,
32645992518,httpie,C3,P01 HTTPie C3 Consolidated,lint,73.8752,18.0,,
32645990571,httpie,C2,P01 HTTPie C2 Coverage,checkout,4.19493,1.48,,
32645990571,httpie,C2,P01 HTTPie C2 Coverage,dependency-installation,79.6428,20.09,,
32645990571,httpie,C2,P01 HTTPie C2 Coverage,coverage,361.877,101.17,,
32645990571,httpie,C2,P01 HTTPie C2 Coverage,dist-test,71.8598,17.92,,
32645989437,httpie,C2,P01 HTTPie C2 Code Style,checkout,5.9345,1.35,,
32645989437,httpie,C2,P01 HTTPie C2 Code Style,dependency-installation,63.5643,14.41,,
32645989437,httpie,C2,P01 HTTPie C2 Code Style,lint,77.5989,18.65,,
32645909926,gson,C4,P05 Gson C4 Combined,test-execution,242.976,39.85,,
32645908060,gson,C3,P05 Gson C3 Consolidated,checkout,9.12305,2.02,,
32645908060,gson,C3,P05 Gson C3 Consolidated,test-execution,224.527,36.65,,
32645907056,gson,C2,P05 Gson C2 Tests,checkout,4.43617,1.27,,
32645907056,gson,C2,P05 Gson C2 Tests,test-execution,234.609,37.67,,
32645905877,gson,C1,P05 Gson C1 Tests,checkout,4.19344,1.15,,
32645905877,gson,C1,P05 Gson C1 Tests,test-execution,235.732,39.45,,
32645903688,resty,C4,P04 resty C4 Combined,checkout,6.53969,1.74,,
32645903688,resty,C4,P04 resty C4 Combined,dependency-installation,39.2524,9.46,,
32645903688,resty,C4,P04 resty C4 Combined,test-execution,190.012,80.41,,
32645902138,resty,C3,P04 resty C3 Consolidated,dependency-installation,50.3085,12.63,,
32645902138,resty,C3,P04 resty C3 Consolidated,test-execution,187.939,81.37,,
32645900389,resty,C2,P04 resty C2 Tests,checkout,6.36198,1.44,,
32645900389,resty,C2,P04 resty C2 Tests,dependency-installation,42.4869,10.94,,
32645900389,resty,C2,P04 resty C2 Tests,test-execution,179.947,78.92,,
32645899118,resty,C1,P04 resty C1 Tests,checkout,3.37077,1.15,,
32645899118,resty,C1,P04 resty C1 Tests,dependency-installation,35.4716,8.72,,
32645899118,resty,C1,P04 resty C1 Tests,test-execution,185.986,81.37,,
32645896622,retrofit,C4,P03 Retrofit C4 Combined,checkout,3.60145,1.27,,
32645896622,retrofit,C4,P03 Retrofit C4 Combined,test-execution,352.332,68.69,,
32645895931,retrofit,C3,P03 Retrofit C3 Consolidated,checkout,2.77055,1.1,,
32645895931,retrofit,C3,P03 Retrofit C3 Consolidated,test-execution,536.685,104.13,,
32645894093,retrofit,C2,P03 Retrofit C2 Tests,checkout,3.11218,1.22,,
32645894093,retrofit,C2,P03 Retrofit C2 Tests,test-execution,361.087,74.81,,
32645892606,retrofit,C1,P03 Retrofit C1 Tests,checkout,7.32637,1.63,,
32645892606,retrofit,C1,P03 Retrofit C1 Tests,test-execution,490.857,85.64,,
32645890847,got,C4,P02 got C4 Combined,dependency-installation,159.786,34.49,,
32645890847,got,C4,P02 got C4 Combined,test-execution,379.131,73.45,,
32645890847,got,C4,P02 got C4 Combined,checkout,3.89724,1.28,,
32645890847,got,C4,P02 got C4 Combined,dependency-installation,128.964,28.7,,
32645890847,got,C4,P02 got C4 Combined,test-execution,323.9,65.85,,
32645889815,got,C3,P02 got C3 Consolidated,checkout,4.72623,1.1,,
32645889815,got,C3,P02 got C3 Consolidated,dependency-installation,160.444,34.69,,
32645889815,got,C3,P02 got C3 Consolidated,test-execution,382.488,73.08,,
32645889815,got,C3,P02 got C3 Consolidated,dependency-installation,154.473,35.03,,
32645889815,got,C3,P02 got C3 Consolidated,test-execution,318.479,66.11,,
32645888194,got,C2,P02 got C2 Tests,checkout,6.37192,1.42,,
32645888194,got,C2,P02 got C2 Tests,dependency-installation,169.954,36.51,,
32645888194,got,C2,P02 got C2 Tests,test-execution,331.896,67.36,,
32645888194,got,C2,P02 got C2 Tests,checkout,4.71849,1.33,,
32645888194,got,C2,P02 got C2 Tests,dependency-installation,137.441,29.86,,
32645888194,got,C2,P02 got C2 Tests,test-execution,322.805,64.32,,
32645886460,got,C1,P02 got C1 Tests,dependency-installation,165.401,34.15,,
32645886460,got,C1,P02 got C1 Tests,test-execution,373.022,70.87,,
32645886460,got,C1,P02 got C1 Tests,checkout,7.18008,1.55,,
32645886460,got,C1,P02 got C1 Tests,dependency-installation,146.174,31.55,,
32645886460,got,C1,P02 got C1 Tests,test-execution,339.047,67.99,,
32645884964,httpie,C4,P01 HTTPie C4 Combined,dependency-installation,88.1084,20.94,,
32645884964,httpie,C4,P01 HTTPie C4 Combined,coverage,376.676,104.1,,
32645884964,httpie,C4,P01 HTTPie C4 Combined,dist-test,80.6967,19.77,,
32645884964,httpie,C4,P01 HTTPie C4 Combined,checkout,5.47596,1.25,,3.10
32645884964,httpie,C4,P01 HTTPie C4 Combined,dependency-installation,88.4893,21.44,,3.10
32645884964,httpie,C4,P01 HTTPie C4 Combined,test-execution,334.709,94.42,,3.10
32645884964,httpie,C4,P01 HTTPie C4 Combined,checkout,7.69472,1.69,,3.12
32645884964,httpie,C4,P01 HTTPie C4 Combined,dependency-installation,72.6655,17.43,,3.12
32645884964,httpie,C4,P01 HTTPie C4 Combined,test-execution,340.161,95.05,,3.12
32645884964,httpie,C4,P01 HTTPie C4 Combined,dependency-installation,71.7368,17.35,,3.11
32645884964,httpie,C4,P01 HTTPie C4 Combined,test-execution,318.063,90.28,,3.11
32645884964,httpie,C4,P01 HTTPie C4 Combined,checkout,3.64887,1.2,,
32645884964,httpie,C4,P01 HTTPie C4 Combined,dependency-installation,56.6789,14.17,,
32645884964,httpie,C4,P01 HTTPie C4 Combined,lint,69.0367,16.99,,
32645878775,httpie,C2,P01 HTTPie C2 Tests,checkout,2.97958,1.3,,3.12
32645878775,httpie,C2,P01 HTTPie C2 Tests,dependency-installation,82.6065,20.74,,3.12
32645878775,httpie,C2,P01 HTTPie C2 Tests,test-execution,366.295,102.83,,3.12
32645878775,httpie,C2,P01 HTTPie C2 Tests,checkout,4.9581,1.16,,3.10
32645878775,httpie,C2,P01 HTTPie C2 Tests,dependency-installation,90.5552,21.9,,3.10
32645878775,httpie,C2,P01 HTTPie C2 Tests,test-execution,347.709,97.91,,3.10
32645878775,httpie,C2,P01 HTTPie C2 Tests,checkout,5.43941,1.49,,3.11
32645878775,httpie,C2,P01 HTTPie C2 Tests,dependency-installation,76.8133,19.09,,3.11
32645878775,httpie,C2,P01 HTTPie C2 Tests,test-execution,314.436,90.45,,3.11
32645877469,httpie,C1,P01 HTTPie C1 Coverage,dependency-installation,103.41,24.88,,
32645877469,httpie,C1,P01 HTTPie C1 Coverage,coverage,394.943,107.83,,
32645877469,httpie,C1,P01 HTTPie C1 Coverage,dist-test,81.4935,19.95,,
32645874947,httpie,C1,P01 HTTPie C1 Code Style,checkout,4.56972,1.3,,
32645874947,httpie,C1,P01 HTTPie C1 Code Style,dependency-installation,49.6984,12.16,,
32645874947,httpie,C1,P01 HTTPie C1 Code Style,lint,74.0528,18.27,,
32645874014,httpie,C1,P01 HTTPie C1 Tests,checkout,4.50638,1.23,,3.10
32645874014,httpie,C1,P01 HTTPie C1 Tests,dependency-installation,99.7131,24.47,,3.10
32645874014,httpie,C1,P01 HTTPie C1 Tests,test-execution,349.592,98.04,,3.10
32645874014,httpie,C1,P01 HTTPie C1 Tests,checkout,3.98613,1.09,,3.12
32645874014,httpie,C1,P01 HTTPie C1 Tests,dependency-installation,92.1992,22.56,,3.12
32645874014,httpie,C1,P01 HTTPie C1 Tests,test-execution,347.515,97.64,,3.12
32645874014,httpie,C1,P01 HTTPie C1 Tests,checkout,7.0507,1.61,,3.11
32645874014,httpie,C1,P01 HTTPie C1 Tests,dependency-installation,83.8981,20.55,,3.11
32645874014,httpie,C1,P01 HTTPie C1 Tests,test-execution,294.246,78.98,,3.11
32645657935,gson,C4,P05 Gson C4 Combined,checkout,3.50243,1.12,,
32645657935,gson,C4,P05 Gson C4 Combined,test-execution,215.874,33.78,,
32645656379,gson,C3,P05 Gson C3 Consolidated,checkout,6.46665,1.45,,
32645656379,gson,C3,P05 Gson C3 Consolidated,test-execution,295.932,53.35,,
32645654463,gson,C2,P05 Gson C2 Tests,test-execution,220.927,33.61,,
32645652470,gson,C1,P05 Gson C1 Tests,checkout,5.84862,1.55,,
32645652470,gson,C1,P05 Gson C1 Tests,test-execution,237.231,48.07,,
32645650692,resty,C4,P04 resty C4 Combined,checkout,4.99146,1.09,,
32645650692,resty,C4,P04 resty C4 Combined,dependency-installation,38.5385,9.01,,
32645650692,resty,C4,P04 resty C4 Combined,test-execution,186.065,80.47,,
32645649173,resty,C3,P04 resty C3 Consolidated,checkout,3.55719,1.54,,
32645649173,resty,C3,P04 resty C3 Consolidated,dependency-installation,38.6489,10.46,,
32645649173,resty,C3,P04 resty C3 Consolidated,test-execution,181.42,81.01,,
32645647026,resty,C2,P04 resty C2 Tests,checkout,2.82771,1.32,,
32645647026,resty,C2,P04 resty C2 Tests,dependency-installation,29.7941,7.55,,
32645647026,resty,C2,P04 resty C2 Tests,test-execution,177.145,78.97,,
32645645337,resty,C1,P04 resty C1 Tests,checkout,5.53948,1.52,,
32645645337,resty,C1,P04 resty C1 Tests,dependency-installation,32.8289,8.15,,
32645645337,resty,C1,P04 resty C1 Tests,test-execution,177.915,79.48,,
32645643529,retrofit,C4,P03 Retrofit C4 Combined,checkout,4.99329,1.16,,
32645643529,retrofit,C4,P03 Retrofit C4 Combined,test-execution,335.633,65.14,,
32645641877,retrofit,C3,P03 Retrofit C3 Consolidated,checkout,5.64702,1.29,,
32645641877,retrofit,C3,P03 Retrofit C3 Consolidated,test-execution,555.369,100.64,,
32645639900,retrofit,C2,P03 Retrofit C2 Tests,checkout,5.01595,1.37,,
32645639900,retrofit,C2,P03 Retrofit C2 Tests,test-execution,306.901,65.26,,
32645638266,retrofit,C1,P03 Retrofit C1 Tests,checkout,2.76597,1.14,,
32645638266,retrofit,C1,P03 Retrofit C1 Tests,test-execution,516.419,95.55,,
32645636266,got,C4,P02 got C4 Combined,checkout,3.88673,1.15,,
32645636266,got,C4,P02 got C4 Combined,dependency-installation,161.4,34.75,,
32645636266,got,C4,P02 got C4 Combined,test-execution,325.634,66.57,,
32645636266,got,C4,P02 got C4 Combined,dependency-installation,145.027,29.4,,
32645636266,got,C4,P02 got C4 Combined,test-execution,396.431,75.05,,
32645634202,got,C3,P02 got C3 Consolidated,checkout,3.43865,1.41,,
32645634202,got,C3,P02 got C3 Consolidated,dependency-installation,170.709,35.8,,
32645634202,got,C3,P02 got C3 Consolidated,test-execution,363.122,70.59,,
32645634202,got,C3,P02 got C3 Consolidated,checkout,4.02439,1.1,,
32645634202,got,C3,P02 got C3 Consolidated,dependency-installation,165.187,35.32,,
32645634202,got,C3,P02 got C3 Consolidated,test-execution,322.544,65.84,,
32645632719,got,C2,P02 got C2 Tests,checkout,4.36704,1.25,,
32645632719,got,C2,P02 got C2 Tests,dependency-installation,131.889,28.96,,
32645632719,got,C2,P02 got C2 Tests,test-execution,314.36,62.73,,
32645632719,got,C2,P02 got C2 Tests,dependency-installation,132.83,27.42,,
32645632719,got,C2,P02 got C2 Tests,test-execution,323.479,65.6,,
32645630727,got,C1,P02 got C1 Tests,checkout,6.9881,1.57,,
32645630727,got,C1,P02 got C1 Tests,dependency-installation,163.048,34.97,,
32645630727,got,C1,P02 got C1 Tests,test-execution,410.613,78.3,,
32645630727,got,C1,P02 got C1 Tests,dependency-installation,168.296,36.87,,
32645630727,got,C1,P02 got C1 Tests,test-execution,329.675,66.94,,
32645628227,httpie,C4,P01 HTTPie C4 Combined,checkout,3.61093,1.28,,
32645628227,httpie,C4,P01 HTTPie C4 Combined,dependency-installation,90.2802,22.56,,
32645628227,httpie,C4,P01 HTTPie C4 Combined,coverage,377.155,105.09,,
32645628227,httpie,C4,P01 HTTPie C4 Combined,dist-test,81.0791,19.96,,
32645628227,httpie,C4,P01 HTTPie C4 Combined,checkout,3.76365,1.05,,3.10
32645628227,httpie,C4,P01 HTTPie C4 Combined,dependency-installation,78.5249,19.19,,3.10
32645628227,httpie,C4,P01 HTTPie C4 Combined,test-execution,346.644,97.24,,3.10
32645628227,httpie,C4,P01 HTTPie C4 Combined,checkout,4.23947,1.21,,3.11
32645628227,httpie,C4,P01 HTTPie C4 Combined,dependency-installation,88.3905,21.94,,3.11
32645628227,httpie,C4,P01 HTTPie C4 Combined,test-execution,333.257,94.54,,3.11
32645628227,httpie,C4,P01 HTTPie C4 Combined,checkout,3.95157,1.2,,3.12
32645628227,httpie,C4,P01 HTTPie C4 Combined,dependency-installation,77.3613,19.3,,3.12
32645628227,httpie,C4,P01 HTTPie C4 Combined,test-execution,347.394,97.46,,3.12
32645628227,httpie,C4,P01 HTTPie C4 Combined,checkout,3.55455,1.1,,
32645628227,httpie,C4,P01 HTTPie C4 Combined,dependency-installation,61.4423,15.16,,
32645628227,httpie,C4,P01 HTTPie C4 Combined,lint,71.2093,17.49,,
32645626086,httpie,C3,P01 HTTPie C3 Consolidated,checkout,4.77976,1.29,,
32645626086,httpie,C3,P01 HTTPie C3 Consolidated,dependency-installation,98.8094,23.93,,
32645626086,httpie,C3,P01 HTTPie C3 Consolidated,coverage,311.486,89.05,,
32645626086,httpie,C3,P01 HTTPie C3 Consolidated,dist-test,60.5873,14.91,,
32645626086,httpie,C3,P01 HTTPie C3 Consolidated,checkout,6.29381,1.46,,3.12
32645626086,httpie,C3,P01 HTTPie C3 Consolidated,dependency-installation,108.17,26.98,,3.12
32645626086,httpie,C3,P01 HTTPie C3 Consolidated,test-execution,339.01,95.92,,3.12
32645626086,httpie,C3,P01 HTTPie C3 Consolidated,checkout,8.10977,1.78,,3.10
32645626086,httpie,C3,P01 HTTPie C3 Consolidated,dependency-installation,100.987,24.57,,3.10
32645626086,httpie,C3,P01 HTTPie C3 Consolidated,test-execution,351.667,97.94,,3.10
32645626086,httpie,C3,P01 HTTPie C3 Consolidated,checkout,6.38375,1.39,,3.11
32645626086,httpie,C3,P01 HTTPie C3 Consolidated,dependency-installation,86.7554,21.03,,3.11
32645626086,httpie,C3,P01 HTTPie C3 Consolidated,test-execution,314.578,89.21,,3.11
32645626086,httpie,C3,P01 HTTPie C3 Consolidated,checkout,4.49585,1.29,,
32645626086,httpie,C3,P01 HTTPie C3 Consolidated,dependency-installation,45.3805,11.17,,
32645626086,httpie,C3,P01 HTTPie C3 Consolidated,lint,69.8165,17.55,,
32645624062,httpie,C2,P01 HTTPie C2 Coverage,dependency-installation,81.4039,19.86,,
32645624062,httpie,C2,P01 HTTPie C2 Coverage,coverage,364.087,100.93,,
32645624062,httpie,C2,P01 HTTPie C2 Coverage,dist-test,77.1667,19.0,,
32645622503,httpie,C2,P01 HTTPie C2 Code Style,checkout,4.35931,1.2,,
32645622503,httpie,C2,P01 HTTPie C2 Code Style,dependency-installation,64.8415,16.19,,
32645622503,httpie,C2,P01 HTTPie C2 Code Style,lint,75.7623,18.71,,
32645619801,httpie,C2,P01 HTTPie C2 Tests,checkout,10.8768,2.15,,3.12
32645619801,httpie,C2,P01 HTTPie C2 Tests,dependency-installation,93.3657,22.66,,3.12
32645619801,httpie,C2,P01 HTTPie C2 Tests,test-execution,359.906,100.18,,3.12
32645619801,httpie,C2,P01 HTTPie C2 Tests,checkout,3.86829,1.1,,3.10
32645619801,httpie,C2,P01 HTTPie C2 Tests,dependency-installation,82.2802,20.43,,3.10
32645619801,httpie,C2,P01 HTTPie C2 Tests,test-execution,356.632,99.9,,3.10
32645619801,httpie,C2,P01 HTTPie C2 Tests,checkout,5.37546,1.19,,3.11
32645619801,httpie,C2,P01 HTTPie C2 Tests,dependency-installation,73.0884,17.37,,3.11
32645619801,httpie,C2,P01 HTTPie C2 Tests,test-execution,306.498,80.03,,3.11
32645617822,httpie,C1,P01 HTTPie C1 Coverage,dependency-installation,98.3184,23.98,,
32645617822,httpie,C1,P01 HTTPie C1 Coverage,coverage,365.811,101.46,,
32645617822,httpie,C1,P01 HTTPie C1 Coverage,dist-test,76.5986,18.78,,
32645615145,httpie,C1,P01 HTTPie C1 Code Style,checkout,4.21879,1.21,,
32645615145,httpie,C1,P01 HTTPie C1 Code Style,dependency-installation,49.5651,12.13,,
32645615145,httpie,C1,P01 HTTPie C1 Code Style,lint,78.2299,19.39,,
32645613979,httpie,C1,P01 HTTPie C1 Tests,checkout,4.9872,1.42,,3.10
32645613979,httpie,C1,P01 HTTPie C1 Tests,dependency-installation,124.308,31.28,,3.10
32645613979,httpie,C1,P01 HTTPie C1 Tests,test-execution,349.502,98.76,,3.10
32645613979,httpie,C1,P01 HTTPie C1 Tests,checkout,3.10957,1.22,,3.12
32645613979,httpie,C1,P01 HTTPie C1 Tests,dependency-installation,93.6061,23.21,,3.12
32645613979,httpie,C1,P01 HTTPie C1 Tests,test-execution,345.67,97.39,,3.12
32645613979,httpie,C1,P01 HTTPie C1 Tests,checkout,3.80918,1.09,,3.11
32645613979,httpie,C1,P01 HTTPie C1 Tests,dependency-installation,98.9284,24.23,,3.11
32645613979,httpie,C1,P01 HTTPie C1 Tests,test-execution,325.202,92.58,,3.11
32645346637,gson,C3,P05 Gson C3 Consolidated,checkout,5.82639,1.52,,
32645346637,gson,C3,P05 Gson C3 Consolidated,test-execution,281.15,56.9,,
32645145424,gson,C4,P05 Gson C4 Combined,checkout,6.52131,1.48,,
32645145424,gson,C4,P05 Gson C4 Combined,test-execution,220.697,39.83,,
32645141109,gson,C3,P05 Gson C3 Consolidated,checkout,4.67568,1.45,,
32645136971,gson,C2,P05 Gson C2 Tests,checkout,3.64863,1.28,,
32645136971,gson,C2,P05 Gson C2 Tests,test-execution,272.799,47.28,,
32645132818,gson,C1,P05 Gson C1 Tests,test-execution,243.775,41.21,,
32645036843,retrofit,C4,P03 Retrofit C4 Combined,test-execution,368.296,70.3,,
32645033316,retrofit,C3,P03 Retrofit C3 Consolidated,test-execution,489.472,85.8,,
32645030057,retrofit,C2,P03 Retrofit C2 Tests,checkout,3.63444,1.39,,
32645030057,retrofit,C2,P03 Retrofit C2 Tests,test-execution,318.917,62.0,,
32645026586,retrofit,C1,P03 Retrofit C1 Tests,checkout,4.46751,1.22,,
32645026586,retrofit,C1,P03 Retrofit C1 Tests,test-execution,530.491,96.29,,
32644857893,gson,C3,P05 Gson C3 Consolidated,checkout,5.8089,1.36,,
32644853604,gson,C2,P05 Gson C2 Tests,checkout,9.78183,2.13,,
32644849572,gson,C1,P05 Gson C1 Tests,checkout,6.09065,1.43,,
32644665618,resty,C4,P04 resty C4 Combined,checkout,6.82538,1.54,,
32644665618,resty,C4,P04 resty C4 Combined,dependency-installation,42.6406,10.9,,
32644665618,resty,C4,P04 resty C4 Combined,test-execution,389.498,119.52,,
32644661871,resty,C3,P04 resty C3 Consolidated,checkout,4.74111,1.08,,
32644661871,resty,C3,P04 resty C3 Consolidated,dependency-installation,38.1831,9.0,,
32644661871,resty,C3,P04 resty C3 Consolidated,test-execution,392.828,118.33,,
32644657263,resty,C2,P04 resty C2 Tests,checkout,7.26325,1.67,,
32644657263,resty,C2,P04 resty C2 Tests,dependency-installation,47.8229,12.08,,
32644657263,resty,C2,P04 resty C2 Tests,test-execution,363.971,104.01,,
32644653541,resty,C1,P04 resty C1 Tests,checkout,5.68403,1.83,,
32644653541,resty,C1,P04 resty C1 Tests,dependency-installation,31.6593,7.92,,
32644653541,resty,C1,P04 resty C1 Tests,test-execution,334.536,106.33,,
32644505670,retrofit,C4,P03 Retrofit C4 Combined,checkout,5.14805,1.16,,
32644505670,retrofit,C4,P03 Retrofit C4 Combined,test-execution,2021.64,477.26,,
32644502177,retrofit,C3,P03 Retrofit C3 Consolidated,checkout,4.39817,1.2,,
32644498821,retrofit,C2,P03 Retrofit C2 Tests,checkout,4.5821,1.23,,
32644495822,retrofit,C1,P03 Retrofit C1 Tests,test-execution,1746.94,358.0,,
32643995881,got,C4,P02 got C4 Combined,dependency-installation,146.182,32.49,,
32643995881,got,C4,P02 got C4 Combined,test-execution,325.391,66.46,,
32643995881,got,C4,P02 got C4 Combined,dependency-installation,128.525,28.39,,
32643995881,got,C4,P02 got C4 Combined,test-execution,242.893,51.33,,
32643992279,got,C2,P02 got C2 Tests,checkout,5.82983,1.31,,
32643992279,got,C2,P02 got C2 Tests,dependency-installation,172.999,39.51,,
32643992279,got,C2,P02 got C2 Tests,test-execution,330.04,67.07,,
32643992279,got,C2,P02 got C2 Tests,checkout,3.60564,1.04,,
32643992279,got,C2,P02 got C2 Tests,dependency-installation,184.943,42.65,,
32643992279,got,C2,P02 got C2 Tests,test-execution,275.939,56.27,,
32643757526,got,C4,P02 got C4 Combined,checkout,5.82783,1.36,,
32643757526,got,C4,P02 got C4 Combined,checkout,5.24583,1.19,,
32643753740,got,C3,P02 got C3 Consolidated,checkout,4.61856,1.07,,
32643753740,got,C3,P02 got C3 Consolidated,dependency-installation,175.797,38.2,,
32643753740,got,C3,P02 got C3 Consolidated,test-execution,323.492,66.23,,
32643753740,got,C3,P02 got C3 Consolidated,dependency-installation,172.612,34.46,,
32643753740,got,C3,P02 got C3 Consolidated,test-execution,298.524,60.61,,
32643746426,got,C1,P02 got C1 Tests,checkout,3.16298,1.12,,
32643746426,got,C1,P02 got C1 Tests,dependency-installation,178.781,37.63,,
32643746426,got,C1,P02 got C1 Tests,test-execution,389.045,74.42,,
32643746426,got,C1,P02 got C1 Tests,checkout,4.28649,1.24,,
32643746426,got,C1,P02 got C1 Tests,dependency-installation,165.77,37.93,,
32643746426,got,C1,P02 got C1 Tests,test-execution,319.534,65.25,,
32642823599,httpie,C2,P01 HTTPie C2 Coverage,checkout,3.26506,1.45,,
32642823599,httpie,C2,P01 HTTPie C2 Coverage,dependency-installation,83.2872,21.1,,
32642823599,httpie,C2,P01 HTTPie C2 Coverage,coverage,370.11,103.5,,
32642823599,httpie,C2,P01 HTTPie C2 Coverage,dist-test,82.5592,20.65,,
32642821852,httpie,C2,P01 HTTPie C2 Code Style,checkout,3.15272,1.24,,
32642821852,httpie,C2,P01 HTTPie C2 Code Style,dependency-installation,41.6912,10.59,,
32642821852,httpie,C2,P01 HTTPie C2 Code Style,lint,57.4807,14.59,,
32642820283,httpie,C2,P01 HTTPie C2 Tests,checkout,2.84246,1.17,,3.11
32642820283,httpie,C2,P01 HTTPie C2 Tests,dependency-installation,84.6886,21.34,,3.11
32642820283,httpie,C2,P01 HTTPie C2 Tests,test-execution,328.636,93.28,,3.11
32642820283,httpie,C2,P01 HTTPie C2 Tests,checkout,5.58456,1.23,,3.12
32642820283,httpie,C2,P01 HTTPie C2 Tests,dependency-installation,73.7406,17.81,,3.12
32642820283,httpie,C2,P01 HTTPie C2 Tests,test-execution,349.934,97.52,,3.12
32642820283,httpie,C2,P01 HTTPie C2 Tests,dependency-installation,77.016,19.09,,3.10
32642820283,httpie,C2,P01 HTTPie C2 Tests,test-execution,338.281,95.12,,3.10
32642818864,httpie,C1,P01 HTTPie C1 Coverage,checkout,4.29633,1.78,,
32642818864,httpie,C1,P01 HTTPie C1 Coverage,dependency-installation,102.363,25.99,,
32642818864,httpie,C1,P01 HTTPie C1 Coverage,coverage,317.46,89.24,,
32642818864,httpie,C1,P01 HTTPie C1 Coverage,dist-test,59.3682,14.84,,
32642816882,httpie,C1,P01 HTTPie C1 Code Style,checkout,3.78635,1.1,,
32642816882,httpie,C1,P01 HTTPie C1 Code Style,dependency-installation,50.5531,12.18,,
32642816882,httpie,C1,P01 HTTPie C1 Code Style,lint,73.3341,18.09,,
32642815360,httpie,C1,P01 HTTPie C1 Tests,checkout,3.99676,1.24,,3.10
32642815360,httpie,C1,P01 HTTPie C1 Tests,dependency-installation,96.3047,23.6,,3.10
32642815360,httpie,C1,P01 HTTPie C1 Tests,test-execution,352.614,98.55,,3.10
32642815360,httpie,C1,P01 HTTPie C1 Tests,dependency-installation,102.244,24.76,,3.12
32642815360,httpie,C1,P01 HTTPie C1 Tests,test-execution,340.816,96.46,,3.12
32642815360,httpie,C1,P01 HTTPie C1 Tests,checkout,8.0895,1.84,,3.11
32642815360,httpie,C1,P01 HTTPie C1 Tests,dependency-installation,104.185,25.11,,3.11
32642815360,httpie,C1,P01 HTTPie C1 Tests,test-execution,331.073,94.03,,3.11
32642552751,httpie,C1,P01 HTTPie C1 Tests,checkout,4.24342,1.16,,3.10
32642552751,httpie,C1,P01 HTTPie C1 Tests,dependency-installation,102.046,25.08,,3.10
32642552751,httpie,C1,P01 HTTPie C1 Tests,test-execution,356.764,99.55,,3.10
32642552751,httpie,C1,P01 HTTPie C1 Tests,checkout,6.4375,1.44,,3.12
32642552751,httpie,C1,P01 HTTPie C1 Tests,dependency-installation,107.631,26.78,,3.12
32642552751,httpie,C1,P01 HTTPie C1 Tests,test-execution,345.185,97.2,,3.12
32642552751,httpie,C1,P01 HTTPie C1 Tests,dependency-installation,91.1867,22.83,,3.11
32642552751,httpie,C1,P01 HTTPie C1 Tests,test-execution,313.012,89.75,,3.11
32642415874,httpie,C1,P01 HTTPie C1 Tests,checkout,2.78671,1.16,,3.12
32642415874,httpie,C1,P01 HTTPie C1 Tests,dependency-installation,84.7771,21.16,,3.12
32642415874,httpie,C1,P01 HTTPie C1 Tests,test-execution,342.121,96.82,,3.12
32642415874,httpie,C1,P01 HTTPie C1 Tests,checkout,3.88682,1.3,,3.11
32642415874,httpie,C1,P01 HTTPie C1 Tests,dependency-installation,84.4897,21.54,,3.11
32642415874,httpie,C1,P01 HTTPie C1 Tests,test-execution,309.847,88.79,,3.11
32642415874,httpie,C1,P01 HTTPie C1 Tests,checkout,3.94803,1.07,,3.10
32642415874,httpie,C1,P01 HTTPie C1 Tests,dependency-installation,103.344,25.49,,3.10
32642415874,httpie,C1,P01 HTTPie C1 Tests,test-execution,293.356,77.87,,3.10
32642285313,httpie,C1,P01 HTTPie C1 Tests,checkout,5.16725,1.47,,3.12
32642285313,httpie,C1,P01 HTTPie C1 Tests,dependency-installation,103.498,26.19,,3.12
32642285313,httpie,C1,P01 HTTPie C1 Tests,test-execution,355.097,100.12,,3.12
32642285313,httpie,C1,P01 HTTPie C1 Tests,checkout,4.48678,1.22,,3.10
32642285313,httpie,C1,P01 HTTPie C1 Tests,dependency-installation,114.992,28.7,,3.10
32642285313,httpie,C1,P01 HTTPie C1 Tests,test-execution,336.439,94.79,,3.10
32642285313,httpie,C1,P01 HTTPie C1 Tests,checkout,4.49179,1.23,,3.11
32642285313,httpie,C1,P01 HTTPie C1 Tests,dependency-installation,99.1265,24.23,,3.11
32642285313,httpie,C1,P01 HTTPie C1 Tests,test-execution,339.33,96.27,,3.11
32641809541,httpie,C4,P01 HTTPie C4 Combined,checkout,4.10075,1.12,,
32641809541,httpie,C4,P01 HTTPie C4 Combined,dependency-installation,79.9859,19.73,,
32641809541,httpie,C4,P01 HTTPie C4 Combined,coverage,372.562,103.58,,
32641809541,httpie,C4,P01 HTTPie C4 Combined,dist-test,79.3934,19.55,,
32641809541,httpie,C4,P01 HTTPie C4 Combined,checkout,2.37443,1.18,,3.12
32641809541,httpie,C4,P01 HTTPie C4 Combined,dependency-installation,85.9318,21.35,,3.12
32641809541,httpie,C4,P01 HTTPie C4 Combined,test-execution,346.41,98.04,,3.12
32641809541,httpie,C4,P01 HTTPie C4 Combined,checkout,7.24314,1.95,,3.10
32641809541,httpie,C4,P01 HTTPie C4 Combined,dependency-installation,105.579,25.96,,3.10
32641809541,httpie,C4,P01 HTTPie C4 Combined,test-execution,308.802,86.67,,3.10
32641809541,httpie,C4,P01 HTTPie C4 Combined,dependency-installation,95.3181,23.52,,3.11
32641809541,httpie,C4,P01 HTTPie C4 Combined,test-execution,322.057,92.3,,3.11
32641809541,httpie,C4,P01 HTTPie C4 Combined,checkout,4.80978,1.32,,
32641809541,httpie,C4,P01 HTTPie C4 Combined,dependency-installation,51.1234,12.45,,
32641809541,httpie,C4,P01 HTTPie C4 Combined,lint,76.0349,18.85,,
32641805322,httpie,C3,P01 HTTPie C3 Consolidated,dependency-installation,108.345,25.9,,
32641805322,httpie,C3,P01 HTTPie C3 Consolidated,coverage,381.181,104.94,,
32641805322,httpie,C3,P01 HTTPie C3 Consolidated,dist-test,80.819,19.77,,
32641805322,httpie,C3,P01 HTTPie C3 Consolidated,checkout,5.41061,1.25,,3.10
32641805322,httpie,C3,P01 HTTPie C3 Consolidated,dependency-installation,111.722,27.07,,3.10
32641805322,httpie,C3,P01 HTTPie C3 Consolidated,test-execution,351.174,98.42,,3.10
32641805322,httpie,C3,P01 HTTPie C3 Consolidated,dependency-installation,101.55,24.84,,3.12
32641805322,httpie,C3,P01 HTTPie C3 Consolidated,test-execution,367.643,103.63,,3.12
32641805322,httpie,C3,P01 HTTPie C3 Consolidated,dependency-installation,97.3134,23.93,,3.11
32641805322,httpie,C3,P01 HTTPie C3 Consolidated,test-execution,314.917,89.29,,3.11
32641805322,httpie,C3,P01 HTTPie C3 Consolidated,dependency-installation,53.0075,12.9,,
32641805322,httpie,C3,P01 HTTPie C3 Consolidated,lint,76.0333,18.93,,
32641801574,httpie,C2,P01 HTTPie C2 Tests,checkout,2.5793,1.28,,3.12
32641801574,httpie,C2,P01 HTTPie C2 Tests,dependency-installation,99.3384,25.29,,3.12
32641801574,httpie,C2,P01 HTTPie C2 Tests,test-execution,338.829,95.81,,3.12
32641801574,httpie,C2,P01 HTTPie C2 Tests,checkout,7.5305,1.66,,3.11
32641801574,httpie,C2,P01 HTTPie C2 Tests,dependency-installation,102.019,24.71,,3.11
32641801574,httpie,C2,P01 HTTPie C2 Tests,test-execution,336.151,96.38,,3.11
32641801574,httpie,C2,P01 HTTPie C2 Tests,checkout,3.78079,1.07,,3.10
32641801574,httpie,C2,P01 HTTPie C2 Tests,dependency-installation,97.7455,23.93,,3.10
32641801574,httpie,C2,P01 HTTPie C2 Tests,test-execution,332.904,94.48,,3.10
32641625798,httpie,C1,P01 HTTPie C1 Tests,checkout,4.97001,1.15,,3.10
32641625798,httpie,C1,P01 HTTPie C1 Tests,dependency-installation,112.783,26.95,,3.10
32641625798,httpie,C1,P01 HTTPie C1 Tests,test-execution,345.493,97.34,,3.10
32641625798,httpie,C1,P01 HTTPie C1 Tests,checkout,3.895,1.11,,3.12
32641625798,httpie,C1,P01 HTTPie C1 Tests,dependency-installation,95.509,23.4,,3.12
32641625798,httpie,C1,P01 HTTPie C1 Tests,test-execution,358.961,100.09,,3.12
32641625798,httpie,C1,P01 HTTPie C1 Tests,checkout,4.01843,1.16,,3.11
32641625798,httpie,C1,P01 HTTPie C1 Tests,dependency-installation,78.2279,19.58,,3.11
32641625798,httpie,C1,P01 HTTPie C1 Tests,test-execution,248.549,73.9,,3.11
32641295842,httpie,C1,P01 HTTPie C1 Tests,dependency-installation,92.7561,22.88,,3.12
32641295842,httpie,C1,P01 HTTPie C1 Tests,checkout,3.72046,1.23,,3.11
32641295842,httpie,C1,P01 HTTPie C1 Tests,dependency-installation,99.9326,25.14,,3.11
32641295842,httpie,C1,P01 HTTPie C1 Tests,test-execution,320.041,90.66,,3.11
32641295842,httpie,C1,P01 HTTPie C1 Tests,checkout,2.63938,1.1,,3.10
32641295842,httpie,C1,P01 HTTPie C1 Tests,dependency-installation,96.5898,24.6,,3.10
32641295842,httpie,C1,P01 HTTPie C1 Tests,test-execution,294.636,85.25,,3.10
